,KIR3DP1,KIR2DP1,KIR2DS2,KIR2DL4,KIR3DL3,KIR3DL2,KIR2DS4,KIR2DL1,KIR2DS1,KIR2DL5,KIR2DL23,KIR2DS35,KIR3DL1S1
synSeq.hiseq.dp50.rl150.10.paired,KIR3DP1*unresolved+KIR3DP1*unresolved+KIR3DP1*unresolved,KIR2DP1*00101+KIR2DP1*00103,KIR2DS2*00101+KIR2DS2*null,KIR2DL4*00103+KIR2DL4*00103+KIR2DL4*00801 KIR2DL4*00103+KIR2DL4*00202+KIR2DL4*00801 KIR2DL4*00103+KIR2DL4*00202+KIR2DL4*013 KIR2DL4*00103+KIR2DL4*00801+KIR2DL4*00801 KIR2DL4*00103+KIR2DL4*00801+KIR2DL4*013,KIR3DL3*00904+KIR3DL3*062,KIR3DL2*00103+KIR3DL2*069,KIR2DS4*null+KIR2DS4*null,KIR2DL1*00201+KIR2DL1*00401,KIR2DS1*008+KIR2DS1*009,KIR2DL5B*00701+KIR2DL5B*009+KIR2DL5B*01303,KIR2DL2*00302+KIR2DL3*020,KIR2DS3*008+KIR2DS5*00201+KIR2DS5*00801,KIR3DS1*01301+KIR3DS1*050+KIR3DS1*078 KIR3DS1*050+KIR3DS1*050+KIR3DS1*078 KIR3DS1*050+KIR3DS1*078+KIR3DS1*078
synSeq.hiseq.dp50.rl150.11.paired,KIR3DP1*005+KIR3DP1*00902,KIR2DP1*unresolved+KIR2DP1*null,KIR2DS2*00101+KIR2DS2*00103,KIR2DL4*00102+KIR2DL4*00805,KIR3DL3*01104+KIR3DL3*057,KIR3DL2*015+KIR3DL2*087,KIR2DS4*00101+KIR2DS4*00103 KIR2DS4*00104+KIR2DS4*00103 KIR2DS4*020+KIR2DS4*00103,KIR2DL1*00101+KIR2DL1*null,KIR2DS1*null+KIR2DS1*null,KIR2DL5B*009+KIR2DL5*null,KIR2DL2*00101+KIR2DL2*007,KIR2DS3*008+KIR2DS35*null,KIR3DL1*016+KIR3DL1*032
synSeq.hiseq.dp50.rl150.12.paired,KIR3DP1*002+KIR3DP1*00302,KIR2DP1*00201+KIR2DP1*null,KIR2DS2*00101+KIR2DS2*null,KIR2DL4*010+KIR2DL4*033,KIR3DL3*00207+KIR3DL3*035 KIR3DL3*005+KIR3DL3*02702,KIR3DL2*026+KIR3DL2*090,KIR2DS4*00101+KIR2DS4*null,KIR2DL1*00302+KIR2DL1*null,KIR2DS1*00502+KIR2DS1*null,KIR2DL5A*00104+KIR2DL5*null,KIR2DL2*00301+KIR2DL3*00502,KIR2DS5*015+KIR2DS35*null,KIR3DS1*01301+KIR3DL1*057
synSeq.hiseq.dp50.rl150.13.paired,KIR3DP1*00302+KIR3DP1*00304,KIR2DP1*008+KIR2DP1*022,KIR2DS2*00101+KIR2DS2*00101,KIR2DL4*00504+KIR2DL4*007,KIR3DL3*01502+KIR3DL3*040 KIR3DL3*02502+KIR3DL3*053,KIR3DL2*00706+KIR3DL2*01301,KIR2DS4*null+KIR2DS4*null,KIR2DL1*00401+KIR2DL1*01202,KIR2DS1*00201+KIR2DS1*006,KIR2DL5A*00101+KIR2DL5A*00501+KIR2DL5B*003 KIR2DL5A*00101+KIR2DL5B*00201+KIR2DL5B*003 KIR2DL5A*00101+KIR2DL5B*003+KIR2DL5B*010 KIR2DL5A*00101+KIR2DL5B*00701+KIR2DL5B*010 KIR2DL5A*00102+KIR2DL5A*00501+KIR2DL5B*003 KIR2DL5A*00102+KIR2DL5B*00201+KIR2DL5B*003 KIR2DL5A*00102+KIR2DL5B*003+KIR2DL5B*010 KIR2DL5A*00102+KIR2DL5B*00701+KIR2DL5B*010 KIR2DL5A*00103+KIR2DL5A*00501+KIR2DL5B*003 KIR2DL5A*00103+KIR2DL5B*00201+KIR2DL5B*003 KIR2DL5A*00103+KIR2DL5B*003+KIR2DL5B*010 KIR2DL5A*00103+KIR2DL5B*00701+KIR2DL5B*010 KIR2DL5A*00104+KIR2DL5A*00501+KIR2DL5B*003 KIR2DL5A*00104+KIR2DL5B*00201+KIR2DL5B*003 KIR2DL5A*00104+KIR2DL5B*00203+KIR2DL5B*003 KIR2DL5A*00104+KIR2DL5B*003+KIR2DL5B*010 KIR2DL5A*00104+KIR2DL5B*00701+KIR2DL5B*010 KIR2DL5A*00501+KIR2DL5A*00501+KIR2DL5B*003 KIR2DL5A*00501+KIR2DL5A*01201+KIR2DL5B*003 KIR2DL5A*00501+KIR2DL5A*01201+KIR2DL5B*00701 KIR2DL5A*00501+KIR2DL5B*00201+KIR2DL5B*003 KIR2DL5A*00501+KIR2DL5B*00203+KIR2DL5B*003 KIR2DL5A*00501+KIR2DL5B*003+KIR2DL5B*003 KIR2DL5A*00501+KIR2DL5B*003+KIR2DL5B*00601 KIR2DL5A*00501+KIR2DL5B*003+KIR2DL5B*00701 KIR2DL5A*00501+KIR2DL5B*003+KIR2DL5B*00801 KIR2DL5A*00501+KIR2DL5B*003+KIR2DL5B*00804 KIR2DL5A*00501+KIR2DL5B*003+KIR2DL5B*010 KIR2DL5A*00501+KIR2DL5B*00601+KIR2DL5B*00701 KIR2DL5A*00501+KIR2DL5B*00701+KIR2DL5B*010 KIR2DL5A*01201+KIR2DL5B*00201+KIR2DL5B*003 KIR2DL5A*01201+KIR2DL5B*00201+KIR2DL5B*00701 KIR2DL5A*01201+KIR2DL5B*00701+KIR2DL5B*010,KIR2DL2*00303+KIR2DL2*005,KIR2DS3*00103+KIR2DS3*00106+KIR2DS5*00201+KIR2DS5*01201,KIR3DS1*unresolved+KIR3DS1*unresolved
synSeq.hiseq.dp50.rl150.14.paired,KIR3DP1*00301+KIR3DP1*01002,KIR2DP1*012+KIR2DP1*null,KIR2DS2*00101+KIR2DS2*null,KIR2DL4*00801+KIR2DL4*026,KIR3DL3*01301+KIR3DL3*070,KIR3DL2*00201+KIR3DL2*04301 KIR3DL2*00202+KIR3DL2*04302,KIR2DS4*00101+KIR2DS4*007 KIR2DS4*00301+KIR2DS4*014,KIR2DL1*02201+KIR2DL1*null,KIR2DS1*null+KIR2DS1*null,KIR2DL5*null+KIR2DL5*null,KIR2DL2*00103+KIR2DL3*024,KIR2DS35*null+KIR2DS35*null,KIR3DL1*00101+KIR3DL1*02001
synSeq.hiseq.dp50.rl150.15.paired,KIR3DP1*001+KIR3DP1*null KIR3DP1*004+KIR3DP1*null,KIR2DP1*007+KIR2DP1*null,KIR2DS2*00101+KIR2DS2*null,KIR2DL4*030+KIR2DL4*null,KIR3DL3*01305+KIR3DL3*088,KIR3DL2*01003+KIR3DL2*01902,KIR2DS4*null+KIR2DS4*null,KIR2DL1*00401+KIR2DL1*null,KIR2DS1*00301+KIR2DS1*00501,KIR2DL5B*00201+KIR2DL5B*00803 KIR2DL5B*00202+KIR2DL5B*00801,KIR2DL2*00103+KIR2DL3*027,KIR2DS3*00201+KIR2DS5*00501,KIR3DS1*01301+KIR3DL1S1*null
synSeq.hiseq.dp50.rl150.16.paired,KIR3DP1*00302+KIR3DP1*00304,KIR2DP1*00301+KIR2DP1*null,KIR2DS2*00101+KIR2DS2*007,KIR2DL4*010+KIR2DL4*047,KIR3DL3*00204+KIR3DL3*01702 KIR3DL3*01105+KIR3DL3*01301,KIR3DL2*00204+KIR3DL2*076,KIR2DS4*00101+KIR2DS4*null KIR2DS4*00104+KIR2DS4*null,KIR2DL1*00302+KIR2DL1*null,KIR2DS1*00302+KIR2DS1*null,KIR2DL5A*00101+KIR2DL5B*00801,KIR2DL2*00101+KIR2DL2*00102,KIR2DS3*003N+KIR2DS5*unresolved,KIR3DS1*011+KIR3DL1*043
synSeq.hiseq.dp50.rl150.17.paired,KIR3DP1*00301+KIR3DP1*00301+KIR3DP1*015 KIR3DP1*00301+KIR3DP1*00302+KIR3DP1*015 KIR3DP1*00301+KIR3DP1*015+KIR3DP1*015,KIR2DP1*00201+KIR2DP1*004,KIR2DS2*00101+KIR2DS2*007,KIR2DL4*00101+KIR2DL4*00101+KIR2DL4*00603 KIR2DL4*00101+KIR2DL4*00102+KIR2DL4*00602 KIR2DL4*00101+KIR2DL4*00102+KIR2DL4*00603 KIR2DL4*00101+KIR2DL4*00103+KIR2DL4*00603 KIR2DL4*00101+KIR2DL4*00104+KIR2DL4*00603 KIR2DL4*00101+KIR2DL4*00201+KIR2DL4*00603 KIR2DL4*00101+KIR2DL4*00202+KIR2DL4*00603 KIR2DL4*00101+KIR2DL4*00602+KIR2DL4*00603 KIR2DL4*00101+KIR2DL4*00603+KIR2DL4*00603 KIR2DL4*00101+KIR2DL4*00603+KIR2DL4*039,KIR3DL3*042+KIR3DL3*057,KIR3DL2*00705+KIR3DL2*093,KIR2DS4*009+KIR2DS4*null,KIR2DL1*00201+KIR2DL1*026,KIR2DS1*00301+KIR2DS1*null,KIR2DL5B*003+KIR2DL5B*003+KIR2DL5B*00804 KIR2DL5B*003+KIR2DL5B*00601+KIR2DL5B*00804 KIR2DL5B*003+KIR2DL5B*00701+KIR2DL5B*00804 KIR2DL5B*003+KIR2DL5B*00801+KIR2DL5B*00804 KIR2DL5B*003+KIR2DL5B*00804+KIR2DL5B*00804 KIR2DL5B*00601+KIR2DL5B*00701+KIR2DL5B*00804,KIR2DL2*00301+KIR2DL2*004,KIR2DS3*00102+KIR2DS3*00201+KIR2DS3*005,KIR3DS1*01306+KIR3DS1*108+KIR3DL1*00901
synSeq.hiseq.dp50.rl150.18.paired,KIR3DP1*002+KIR3DP1*00303+KIR3DP1*01002 KIR3DP1*00303+KIR3DP1*00901+KIR3DP1*01002,KIR2DP1*009+KIR2DP1*019,KIR2DS2*00101+KIR2DS2*008,KIR2DL4*00103+KIR2DL4*00103+KIR2DL4*00501 KIR2DL4*00103+KIR2DL4*00501+KIR2DL4*00501,KIR3DL3*01304+KIR3DL3*04801 KIR3DL3*01309+KIR3DL3*04802,KIR3DL2*00106+KIR3DL2*00304,KIR2DS4*007+KIR2DS4*null,KIR2DL1*037+KIR2DL1*037,KIR2DS1*00501+KIR2DS1*null,KIR2DL5B*00801+KIR2DL5B*00801+KIR2DL5B*01303 KIR2DL5B*00801+KIR2DL5B*01301+KIR2DL5B*01303 KIR2DL5B*00801+KIR2DL5B*01303+KIR2DL5B*01303 KIR2DL5B*00801+KIR2DL5B*01303+KIR2DL5B*01304,KIR2DL2*00101+KIR2DL2*00303,KIR2DS3*00103+KIR2DS3*003N+KIR2DS3*008 KIR2DS3*00201+KIR2DS3*003N+KIR2DS3*008 KIR2DS3*003N+KIR2DS3*003N+KIR2DS3*008 KIR2DS3*003N+KIR2DS3*008+KIR2DS3*008,KIR3DS1*01301+KIR3DS1*01301+KIR3DL1*02901
synSeq.hiseq.dp50.rl150.19.paired,KIR3DP1*00304+KIR3DP1*015,KIR2DP1*016+KIR2DP1*019,KIR2DS2*null+KIR2DS2*null,KIR2DL4*01201+KIR2DL4*038,KIR3DL3*00208+KIR3DL3*080N,KIR3DL2*00302+KIR3DL2*103,KIR2DS4*null+KIR2DS4*null,KIR2DL1*00302+KIR2DL1*00306,KIR2DS1*001+KIR2DS1*00201,KIR2DL5A*00501+KIR2DL5B*00201,KIR2DL3*00101+KIR2DL3*025,KIR2DS3*003N+KIR2DS5*006,KIR3DS1*01301+KIR3DS1*01301
synSeq.hiseq.dp50.rl150.1.paired,KIR3DP1*005+KIR3DP1*null,KIR2DP1*021+KIR2DP1*null,KIR2DS2*00101+KIR2DS2*004,KIR2DL4*031+KIR2DL4*null,KIR3DL3*unresolved+KIR3DL3*unresolved,KIR3DL2*00903+KIR3DL2*075,KIR2DS4*unresolved+KIR2DS4*null,KIR2DL1*033+KIR2DL1*null,KIR2DS1*unresolved+KIR2DS1*null,KIR2DL5A*01202+KIR2DL5A*024,KIR2DL2*002+KIR2DL2*00304,KIR2DS3*00201+KIR2DS5*00502,KIR3DL1*01502+KIR3DL1S1*null
synSeq.hiseq.dp50.rl150.20.paired,KIR3DP1*00301+KIR3DP1*00301,KIR2DP1*023+KIR2DP1*null,KIR2DS2*00101+KIR2DS2*null,KIR2DL4*00801+KIR2DL4*047,KIR3DL3*020+KIR3DL3*086,KIR3DL2*068+KIR3DL2*103,KIR2DS4*008+KIR2DS4*null,KIR2DL1*00401+KIR2DL1*null KIR2DL1*035+KIR2DL1*null,KIR2DS1*00201+KIR2DS1*null,KIR2DL5B*00803+KIR2DL5*null,KIR2DL2*00602+KIR2DL3*00101,KIR2DS5*00201+KIR2DS35*null,KIR3DS1*084+KIR3DL1*00104
synSeq.hiseq.dp50.rl150.21.paired,KIR3DP1*00302+KIR3DP1*00901,KIR2DP1*00102+KIR2DP1*00103,KIR2DS2*00101+KIR2DS2*00101,KIR2DL4*00802+KIR2DL4*033,KIR3DL3*04902+KIR3DL3*078,KIR3DL2*00601+KIR3DL2*083,KIR2DS4*00101+KIR2DS4*null KIR2DS4*020+KIR2DS4*null,KIR2DL1*00201+KIR2DL1*00401,KIR2DS1*004+KIR2DS1*null,KIR2DL5A*00105+KIR2DL5B*00701+KIR2DL5B*019,KIR2DL2*002+KIR2DL2*013,KIR2DS3*00103+KIR2DS3*00105+KIR2DS3*008 KIR2DS3*00105+KIR2DS3*00105+KIR2DS3*008 KIR2DS3*00105+KIR2DS3*008+KIR2DS3*008,KIR3DS1*01303+KIR3DL1*01502
synSeq.hiseq.dp50.rl150.22.paired,KIR3DP1*006+KIR3DP1*01001,KIR2DP1*00201+KIR2DP1*00202,KIR2DS2*00101+KIR2DS2*00101,KIR2DL4*00102+KIR2DL4*00103,KIR3DL3*044+KIR3DL3*075,KIR3DL2*01901+KIR3DL2*031 KIR3DL2*01902+KIR3DL2*031,KIR2DS4*00301+KIR2DS4*null,KIR2DL1*00101+KIR2DL1*00401,KIR2DS1*00502+KIR2DS1*null,KIR2DL5A*00101+KIR2DL5B*00701+KIR2DL5B*017 KIR2DL5A*00102+KIR2DL5B*00701+KIR2DL5B*017 KIR2DL5A*00103+KIR2DL5B*00701+KIR2DL5B*017 KIR2DL5A*00104+KIR2DL5B*00701+KIR2DL5B*017 KIR2DL5A*00501+KIR2DL5B*00701+KIR2DL5B*017,KIR2DL2*00301+KIR2DL2*00304,KIR2DS3*00104+KIR2DS3*00106+KIR2DS3*00201,KIR3DS1*01304+KIR3DL1*00101
synSeq.hiseq.dp50.rl150.23.paired,KIR3DP1*00302+KIR3DP1*00302+KIR3DP1*005 KIR3DP1*00302+KIR3DP1*005+KIR3DP1*005 KIR3DP1*00302+KIR3DP1*005+KIR3DP1*006 KIR3DP1*00302+KIR3DP1*005+KIR3DP1*01001 KIR3DP1*00302+KIR3DP1*005+KIR3DP1*013 KIR3DP1*00302+KIR3DP1*005+KIR3DP1*015 KIR3DP1*005+KIR3DP1*01001+KIR3DP1*015 KIR3DP1*005+KIR3DP1*013+KIR3DP1*015,KIR2DP1*00201+KIR2DP1*012,KIR2DS2*00101+KIR2DS2*006,KIR2DL4*020+KIR2DL4*036+KIR2DL4*046,KIR3DL3*019+KIR3DL3*04801,KIR3DL2*00706+KIR3DL2*01303,KIR2DS4*00301+KIR2DS4*00301,KIR2DL1*00401+KIR2DL1*016,KIR2DS1*null+KIR2DS1*null,KIR2DL5B*00204+KIR2DL5B*00802,KIR2DL2*00302+KIR2DL2*008,KIR2DS3*00103+KIR2DS3*004,KIR3DS1*unresolved+KIR3DL1*022+KIR3DL1*028
synSeq.hiseq.dp50.rl150.24.paired,KIR3DP1*001+KIR3DP1*001+KIR3DP1*007 KIR3DP1*001+KIR3DP1*007+KIR3DP1*007 KIR3DP1*001+KIR3DP1*007+KIR3DP1*00901,KIR2DP1*00103+KIR2DP1*00201+KIR2DP1*023 KIR2DP1*00103+KIR2DP1*022+KIR2DP1*023,KIR2DS2*null+KIR2DS2*null,KIR2DL4*00104+KIR2DL4*00105+KIR2DL4*051 KIR2DL4*00105+KIR2DL4*00201+KIR2DL4*051 KIR2DL4*00105+KIR2DL4*00802+KIR2DL4*023 KIR2DL4*00105+KIR2DL4*00802+KIR2DL4*051,KIR3DL3*00602+KIR3DL3*01409,KIR3DL2*00201+KIR3DL2*039 KIR3DL2*039+KIR3DL2*102,KIR2DS4*null+KIR2DS4*null,KIR2DL1*00401+KIR2DL1*013N+KIR2DL1*035 KIR2DL1*013N+KIR2DL1*013N+KIR2DL1*035 KIR2DL1*013N+KIR2DL1*035+KIR2DL1*035,KIR2DS1*001+KIR2DS1*00201,KIR2DL5A*01202+KIR2DL5B*003+KIR2DL5B*004 KIR2DL5A*01202+KIR2DL5B*004+KIR2DL5B*00701,KIR2DL3*00108+KIR2DL3*020,KIR2DS3*00102+KIR2DS3*00201+KIR2DS5*00201,KIR3DS1*01301+KIR3DS1*049N+KIR3DS1*105 KIR3DS1*049N+KIR3DS1*049N+KIR3DS1*105 KIR3DS1*049N+KIR3DS1*105+KIR3DS1*105
synSeq.hiseq.dp50.rl150.25.paired,KIR3DP1*01001+KIR3DP1*014,KIR2DP1*00101+KIR2DP1*null,KIR2DS2*00101+KIR2DS2*009,KIR2DL4*00103+KIR2DL4*026,KIR3DL3*00903+KIR3DL3*04802,KIR3DL2*00709+KIR3DL2*00901 KIR3DL2*01004+KIR3DL2*01902,KIR2DS4*null+KIR2DS4*null,KIR2DL1*034+KIR2DL1*null,KIR2DS1*00201+KIR2DS1*00502,KIR2DL5A*00501+KIR2DL5A*00501+KIR2DL5B*00202 KIR2DL5A*00501+KIR2DL5B*00201+KIR2DL5B*00202 KIR2DL5A*00501+KIR2DL5B*00202+KIR2DL5B*00202,KIR2DL2*00301+KIR2DL2*005,KIR2DS3*00201+KIR2DS3*008+KIR2DS5*00201,KIR3DS1*01304+KIR3DS1*082
synSeq.hiseq.dp50.rl150.26.paired,KIR3DP1*00301+KIR3DP1*00302,KIR2DP1*unresolved+KIR2DP1*unresolved,KIR2DS2*00101+KIR2DS2*004,KIR2DL4*00201+KIR2DL4*00801 KIR2DL4*00202+KIR2DL4*00802,KIR3DL3*00402+KIR3DL3*051,KIR3DL2*00301+KIR3DL2*10601,KIR2DS4*00101+KIR2DS4*null KIR2DS4*020+KIR2DS4*null,KIR2DL1*013N+KIR2DL1*027,KIR2DS1*unresolved+KIR2DS1*null,KIR2DL5A*00103+KIR2DL5B*003+KIR2DL5B*011 KIR2DL5A*00103+KIR2DL5B*00701+KIR2DL5B*011,KIR2DL2*012+KIR2DL2*014,KIR2DS3*00104+KIR2DS3*004+KIR2DS3*008,KIR3DS1*01301+KIR3DL1*057
synSeq.hiseq.dp50.rl150.27.paired,KIR3DP1*00301+KIR3DP1*005,KIR2DP1*00102+KIR2DP1*00301,KIR2DS2*00101+KIR2DS2*00101,KIR2DL4*00103+KIR2DL4*024 KIR2DL4*00501+KIR2DL4*026,KIR3DL3*00102+KIR3DL3*00801 KIR3DL3*00201+KIR3DL3*066 KIR3DL3*00901+KIR3DL3*02602,KIR3DL2*071+KIR3DL2*098,KIR2DS4*null+KIR2DS4*null,KIR2DL1*unresolved+KIR2DL1*unresolved,KIR2DS1*unresolved+KIR2DS1*unresolved,KIR2DL5A*00101+KIR2DL5A*00501+KIR2DL5A*014 KIR2DL5A*00102+KIR2DL5A*00501+KIR2DL5A*014 KIR2DL5A*00103+KIR2DL5A*00501+KIR2DL5A*014 KIR2DL5A*00104+KIR2DL5A*00501+KIR2DL5A*014 KIR2DL5A*00501+KIR2DL5A*00501+KIR2DL5A*014 KIR2DL5A*00501+KIR2DL5A*014+KIR2DL5A*014,KIR2DL2*unresolved+KIR2DL2*unresolved,KIR2DS3*unresolved+KIR2DS3*unresolved+KIR2DS3*unresolved+KIR2DS3*unresolved,KIR3DS1*01301+KIR3DS1*045
synSeq.hiseq.dp50.rl150.28.paired,KIR3DP1*006+KIR3DP1*null,KIR2DP1*007+KIR2DP1*null,KIR2DS2*00102+KIR2DS2*null,KIR2DL4*037+KIR2DL4*null,KIR3DL3*047+KIR3DL3*073,KIR3DL2*077+KIR3DL2*096,KIR2DS4*null+KIR2DS4*null,KIR2DL1*02202+KIR2DL1*null,KIR2DS1*00201+KIR2DS1*006,KIR2DL5A*00101+KIR2DL5B*00602,KIR2DL2*unresolved+KIR2DL3*016,KIR2DS5*009+KIR2DS5*016,KIR3DS1*012+KIR3DL1S1*null
synSeq.hiseq.dp50.rl150.29.paired,KIR3DP1*00302+KIR3DP1*01002,KIR2DP1*00201+KIR2DP1*024,KIR2DS2*00101+KIR2DS2*null,KIR2DL4*00802+KIR2DL4*015,KIR3DL3*00902+KIR3DL3*04902,KIR3DL2*00902+KIR3DL2*037,KIR2DS4*00101+KIR2DS4*00301,KIR2DL1*00302+KIR2DL1*00305,KIR2DS1*null+KIR2DS1*null,KIR2DL5A*00501+KIR2DL5*null,KIR2DL2*unresolved+KIR2DL3*021,KIR2DS3*007+KIR2DS35*null,KIR3DL1*00101+KIR3DL1*024N
synSeq.hiseq.dp50.rl150.2.paired,KIR3DP1*01001+KIR3DP1*null KIR3DP1*011+KIR3DP1*null,KIR2DP1*020+KIR2DP1*null,KIR2DS2*00101+KIR2DS2*00103,KIR2DL4*031+KIR2DL4*null,KIR3DL3*00905+KIR3DL3*051,KIR3DL2*00701+KIR3DL2*101,KIR2DS4*null+KIR2DS4*null,KIR2DL1*00302+KIR2DL1*null,KIR2DS1*00501+KIR2DS1*009,KIR2DL5B*00801+KIR2DL5B*01303+KIR2DL5B*020 KIR2DL5B*00804+KIR2DL5B*01303+KIR2DL5B*020 KIR2DL5B*01301+KIR2DL5B*01303+KIR2DL5B*020 KIR2DL5B*01303+KIR2DL5B*01303+KIR2DL5B*020 KIR2DL5B*01303+KIR2DL5B*01304+KIR2DL5B*020 KIR2DL5B*01303+KIR2DL5B*020+KIR2DL5B*020,KIR2DL2*00301+KIR2DL2*004,KIR2DS3*00104+KIR2DS3*004+KIR2DS5*015,KIR3DS1*058+KIR3DL1S1*null
synSeq.hiseq.dp50.rl150.30.paired,KIR3DP1*unresolved+KIR3DP1*unresolved,KIR2DP1*00201+KIR2DP1*null,KIR2DS2*00101+KIR2DS2*009,KIR2DL4*00102+KIR2DL4*00504,KIR3DL3*046+KIR3DL3*059,KIR3DL2*01003+KIR3DL2*083,KIR2DS4*null+KIR2DS4*null,KIR2DL1*unresolved+KIR2DL1*null,KIR2DS1*00201+KIR2DS1*006,KIR2DL5A*00101+KIR2DL5A*024+KIR2DL5B*00202 KIR2DL5A*00102+KIR2DL5A*024+KIR2DL5B*00202 KIR2DL5A*00103+KIR2DL5A*024+KIR2DL5B*00202 KIR2DL5A*00104+KIR2DL5A*024+KIR2DL5B*00202 KIR2DL5A*00501+KIR2DL5A*024+KIR2DL5B*00202 KIR2DL5A*00501+KIR2DL5A*024+KIR2DL5B*00803 KIR2DL5A*024+KIR2DL5A*024+KIR2DL5B*00202 KIR2DL5A*024+KIR2DL5B*00201+KIR2DL5B*00202 KIR2DL5A*024+KIR2DL5B*00201+KIR2DL5B*00803 KIR2DL5A*024+KIR2DL5B*00202+KIR2DL5B*00202 KIR2DL5A*024+KIR2DL5B*00202+KIR2DL5B*00203 KIR2DL5A*024+KIR2DL5B*00202+KIR2DL5B*00801 KIR2DL5A*024+KIR2DL5B*00202+KIR2DL5B*00803 KIR2DL5A*024+KIR2DL5B*00202+KIR2DL5B*00804,KIR2DL2*unresolved+KIR2DL2*unresolved,KIR2DS3*007+KIR2DS5*001+KIR2DS5*00501,KIR3DS1*01301+KIR3DS1*01301
synSeq.hiseq.dp50.rl150.31.paired,KIR3DP1*unresolved+KIR3DP1*unresolved+KIR3DP1*unresolved,KIR2DP1*00201+KIR2DP1*006+KIR2DP1*013,KIR2DS2*null+KIR2DS2*null,KIR2DL4*032+KIR2DL4*052+KIR2DL4*053,KIR3DL3*00207+KIR3DL3*052,KIR3DL2*00903+KIR3DL2*090,KIR2DS4*null+KIR2DS4*null,KIR2DL1*unresolved+KIR2DL1*unresolved+KIR2DL1*unresolved,KIR2DS1*00301+KIR2DS1*004,KIR2DL5A*014+KIR2DL5A*023+KIR2DL5B*00701,KIR2DL3*024+KIR2DL3*032,KIR2DS3*00201+KIR2DS5*006+KIR2DS5*014,KIR3DS1*055+KIR3DS1*083+KIR3DS1*085
synSeq.hiseq.dp50.rl150.32.paired,KIR3DP1*001+KIR3DP1*00902+KIR3DP1*011 KIR3DP1*002+KIR3DP1*00902+KIR3DP1*011 KIR3DP1*00901+KIR3DP1*00902+KIR3DP1*011 KIR3DP1*00902+KIR3DP1*00902+KIR3DP1*011 KIR3DP1*00902+KIR3DP1*011+KIR3DP1*011,KIR2DP1*007+KIR2DP1*015+KIR2DP1*019,KIR2DS2*00101+KIR2DS2*null,KIR2DL4*00106+KIR2DL4*014+KIR2DL4*030,KIR3DL3*01402+KIR3DL3*036,KIR3DL2*098+KIR3DL2*101,KIR2DS4*null+KIR2DS4*null,KIR2DL1*00302+KIR2DL1*00302+KIR2DL1*026 KIR2DL1*00302+KIR2DL1*00306+KIR2DL1*026 KIR2DL1*00302+KIR2DL1*01201+KIR2DL1*026 KIR2DL1*00302+KIR2DL1*026+KIR2DL1*026,KIR2DS1*unresolved+KIR2DS1*unresolved,KIR2DL5*unresolved+KIR2DL5*unresolved+KIR2DL5*unresolved+KIR2DL5*unresolved,KIR2DL2*00101+KIR2DL3*00102,KIR2DS3*00102+KIR2DS3*00104+KIR2DS3*006+KIR2DS5*unresolved,KIR3DS1*01301+KIR3DS1*01301+KIR3DS1*106 KIR3DS1*01301+KIR3DS1*106+KIR3DS1*106
synSeq.hiseq.dp50.rl150.33.paired,KIR3DP1*00302+KIR3DP1*01001,KIR2DP1*00102+KIR2DP1*null,KIR2DS2*00101+KIR2DS2*00101,KIR2DL4*00601+KIR2DL4*00803,KIR3DL3*01801+KIR3DL3*043,KIR3DL2*032+KIR3DL2*111,KIR2DS4*unresolved+KIR2DS4*null,KIR2DL1*00302+KIR2DL1*null,KIR2DS1*006+KIR2DS1*null,KIR2DL5A*00101+KIR2DL5B*009,KIR2DL2*unresolved+KIR2DL2*unresolved,KIR2DS3*00103+KIR2DS5*00501,KIR3DS1*unresolved+KIR3DL1*01503
synSeq.hiseq.dp50.rl150.34.paired,KIR3DP1*00901+KIR3DP1*00902,KIR2DP1*00201+KIR2DP1*00301,KIR2DS2*00101+KIR2DS2*null,KIR2DL4*017+KIR2DL4*054,KIR3DL3*01702+KIR3DL3*02704,KIR3DL2*004+KIR3DL2*080,KIR2DS4*null+KIR2DS4*null,KIR2DL1*00101+KIR2DL1*034 KIR2DL1*00201+KIR2DL1*00302,KIR2DS1*00201+KIR2DS1*00301,KIR2DL5A*00101+KIR2DL5B*00202+KIR2DL5B*019 KIR2DL5A*00102+KIR2DL5B*00202+KIR2DL5B*019 KIR2DL5A*00103+KIR2DL5B*00202+KIR2DL5B*019 KIR2DL5A*00104+KIR2DL5B*00202+KIR2DL5B*019 KIR2DL5A*00501+KIR2DL5B*00202+KIR2DL5B*019 KIR2DL5A*00501+KIR2DL5B*00803+KIR2DL5B*019 KIR2DL5A*015+KIR2DL5B*00202+KIR2DL5B*017 KIR2DL5A*015+KIR2DL5B*00202+KIR2DL5B*019 KIR2DL5A*015+KIR2DL5B*00803+KIR2DL5B*017,KIR2DL2*015+KIR2DL3*026,KIR2DS3*unresolved+KIR2DS5*unresolved+KIR2DS5*unresolved,KIR3DS1*01301+KIR3DS1*01301
synSeq.hiseq.dp50.rl150.35.paired,KIR3DP1*00303+KIR3DP1*null,KIR2DP1*013+KIR2DP1*null,KIR2DS2*00101+KIR2DS2*009,KIR2DL4*018+KIR2DL4*null,KIR3DL3*unresolved+KIR3DL3*unresolved,KIR3DL2*00201+KIR3DL2*092,KIR2DS4*null+KIR2DS4*null,KIR2DL1*00201+KIR2DL1*null,KIR2DS1*00201+KIR2DS1*004,KIR2DL5A*00101+KIR2DL5B*003+KIR2DL5B*011 KIR2DL5A*00101+KIR2DL5B*00701+KIR2DL5B*011 KIR2DL5A*01201+KIR2DL5B*00701+KIR2DL5B*011,KIR2DL2*00101+KIR2DL2*004,KIR2DS3*00101+KIR2DS3*00103+KIR2DS5*006,KIR3DS1*01301+KIR3DL1S1*null
synSeq.hiseq.dp50.rl150.36.paired,KIR3DP1*002+KIR3DP1*013 KIR3DP1*00901+KIR3DP1*01001,KIR2DP1*00301+KIR2DP1*013,KIR2DS2*00101+KIR2DS2*00101,KIR2DL4*00501+KIR2DL4*030,KIR3DL3*037+KIR3DL3*045,KIR3DL2*020+KIR3DL2*063,KIR2DS4*null+KIR2DS4*null,KIR2DL1*00302+KIR2DL1*017,KIR2DS1*001+KIR2DS1*00502,KIR2DL5A*00101+KIR2DL5A*00101+KIR2DL5B*009 KIR2DL5A*00101+KIR2DL5A*00102+KIR2DL5B*009 KIR2DL5A*00101+KIR2DL5A*00103+KIR2DL5B*009 KIR2DL5A*00101+KIR2DL5A*00104+KIR2DL5B*009 KIR2DL5A*00101+KIR2DL5A*00501+KIR2DL5B*009 KIR2DL5A*00101+KIR2DL5B*00201+KIR2DL5B*009 KIR2DL5A*00101+KIR2DL5B*00203+KIR2DL5B*009 KIR2DL5A*00101+KIR2DL5B*00801+KIR2DL5B*009 KIR2DL5A*00101+KIR2DL5B*00804+KIR2DL5B*009 KIR2DL5A*00101+KIR2DL5B*009+KIR2DL5B*009 KIR2DL5A*00102+KIR2DL5A*00103+KIR2DL5B*009 KIR2DL5A*00102+KIR2DL5A*00104+KIR2DL5B*009 KIR2DL5A*00102+KIR2DL5B*00801+KIR2DL5B*009 KIR2DL5A*00102+KIR2DL5B*00804+KIR2DL5B*009 KIR2DL5A*00103+KIR2DL5A*00104+KIR2DL5B*009 KIR2DL5A*00103+KIR2DL5B*00801+KIR2DL5B*009 KIR2DL5A*00103+KIR2DL5B*00804+KIR2DL5B*009 KIR2DL5A*00104+KIR2DL5B*00203+KIR2DL5B*009 KIR2DL5A*00104+KIR2DL5B*00801+KIR2DL5B*009 KIR2DL5A*00501+KIR2DL5B*00801+KIR2DL5B*009,KIR2DL2*00304+KIR2DL2*00601,KIR2DS3*00105+KIR2DS3*006+KIR2DS5*00501+KIR2DS5*00802,KIR3DS1*01301+KIR3DS1*047
synSeq.hiseq.dp50.rl150.37.paired,KIR3DP1*00302+KIR3DP1*00302+KIR3DP1*00302,KIR2DP1*00201+KIR2DP1*008,KIR2DS2*unresolved+KIR2DS2*null,KIR2DL4*025+KIR2DL4*027+KIR2DL4*045,KIR3DL3*00203+KIR3DL3*02501,KIR3DL2*00706+KIR3DL2*07901,KIR2DS4*00401+KIR2DS4*null,KIR2DL1*00302+KIR2DL1*01102 KIR2DL1*00404+KIR2DL1*034,KIR2DS1*004+KIR2DS1*null,KIR2DL5A*00501+KIR2DL5B*00603 KIR2DL5A*01202+KIR2DL5B*00201,KIR2DL2*015+KIR2DL3*unresolved,KIR2DS3*00201+KIR2DS5*010,KIR3DS1*01301+KIR3DS1*085+KIR3DL1*01502
synSeq.hiseq.dp50.rl150.38.paired,KIR3DP1*001+KIR3DP1*00304+KIR3DP1*00901,KIR2DP1*00101+KIR2DP1*00301 KIR2DP1*00101+KIR2DP1*016,KIR2DS2*00101+KIR2DS2*00101,KIR2DL4*00103+KIR2DL4*024+KIR2DL4*035 KIR2DL4*00104+KIR2DL4*024+KIR2DL4*035 KIR2DL4*00501+KIR2DL4*026+KIR2DL4*035 KIR2DL4*01101+KIR2DL4*026+KIR2DL4*035 KIR2DL4*01201+KIR2DL4*026+KIR2DL4*035 KIR2DL4*013+KIR2DL4*024+KIR2DL4*035 KIR2DL4*024+KIR2DL4*026+KIR2DL4*035 KIR2DL4*025+KIR2DL4*026+KIR2DL4*035,KIR3DL3*01105+KIR3DL3*059,KIR3DL2*035+KIR3DL2*059,KIR2DS4*00101+KIR2DS4*01102,KIR2DL1*00302+KIR2DL1*024,KIR2DS1*null+KIR2DS1*null,KIR2DL5A*00105+KIR2DL5B*018,KIR2DL2*00101+KIR2DL2*00301,KIR2DS3*00106+KIR2DS3*00201,KIR3DS1*01301+KIR3DS1*078+KIR3DL1*087+KIR3DL1*089
synSeq.hiseq.dp50.rl150.39.paired,KIR3DP1*002+KIR3DP1*null,KIR2DP1*004+KIR2DP1*null,KIR2DS2*00101+KIR2DS2*006,KIR2DL4*00103+KIR2DL4*null,KIR3DL3*01406+KIR3DL3*02501,KIR3DL2*00101+KIR3DL2*00704,KIR2DS4*null+KIR2DS4*null,KIR2DL1*00304+KIR2DL1*null,KIR2DS1*008+KIR2DS1*009,KIR2DL5A*00101+KIR2DL5A*00101+KIR2DL5B*00804 KIR2DL5A*00101+KIR2DL5A*00104+KIR2DL5B*00801 KIR2DL5A*00101+KIR2DL5A*00104+KIR2DL5B*00804 KIR2DL5A*00101+KIR2DL5B*00801+KIR2DL5B*00804 KIR2DL5A*00101+KIR2DL5B*00804+KIR2DL5B*00804 KIR2DL5A*00104+KIR2DL5A*00104+KIR2DL5B*00801 KIR2DL5A*00104+KIR2DL5B*00801+KIR2DL5B*00801 KIR2DL5A*00104+KIR2DL5B*00801+KIR2DL5B*00804,KIR2DL2*00101+KIR2DL2*00102,KIR2DS3*00103+KIR2DS3*004+KIR2DS5*00201,KIR3DS1*011+KIR3DL1S1*null
synSeq.hiseq.dp50.rl150.3.paired,KIR3DP1*00303+KIR3DP1*null,KIR2DP1*006+KIR2DP1*null,KIR2DS2*00101+KIR2DS2*00101,KIR2DL4*00503+KIR2DL4*null,KIR3DL3*020+KIR3DL3*023,KIR3DL2*028+KIR3DL2*04301,KIR2DS4*null+KIR2DS4*null,KIR2DL1*unresolved+KIR2DL1*null,KIR2DS1*00201+KIR2DS1*00502,failed,KIR2DL2*unresolved+KIR2DL2*unresolved,KIR2DS3*00105+KIR2DS3*00106+KIR2DS5*unresolved,KIR3DS1*045+KIR3DL1S1*null
synSeq.hiseq.dp50.rl150.40.paired,KIR3DP1*00303+KIR3DP1*015,KIR2DP1*008+KIR2DP1*null,KIR2DS2*00101+KIR2DS2*null,KIR2DL4*00602+KIR2DL4*00801,KIR3DL3*051+KIR3DL3*063,KIR3DL2*039+KIR3DL2*04302,KIR2DS4*unresolved+KIR2DS4*null,KIR2DL1*038+KIR2DL1*null,KIR2DS1*unresolved+KIR2DS1*null,KIR2DL5A*015+KIR2DL5*null,KIR2DL2*00101+KIR2DL3*007,KIR2DS3*00201+KIR2DS35*null,KIR3DS1*050+KIR3DL1*00102
synSeq.hiseq.dp50.rl150.41.paired,KIR3DP1*null+KIR3DP1*null,KIR2DP1*null+KIR2DP1*null,KIR2DS2*00101+KIR2DS2*008,KIR2DL4*null+KIR2DL4*null,KIR3DL3*005+KIR3DL3*057,KIR3DL2*01101+KIR3DL2*030,KIR2DS4*null+KIR2DS4*null,KIR2DL1*null+KIR2DL1*null,KIR2DS1*00201+KIR2DS1*008,KIR2DL5A*021+KIR2DL5B*00202,KIR2DL2*00101+KIR2DL2*005,KIR2DS5*00801+KIR2DS5*014,KIR3DL1S1*null+KIR3DL1S1*null
synSeq.hiseq.dp50.rl150.42.paired,KIR3DP1*unresolved+KIR3DP1*unresolved,KIR2DP1*00102+KIR2DP1*00201,KIR2DS2*unresolved+KIR2DS2*null,KIR2DL4*00202+KIR2DL4*015,KIR3DL3*01501+KIR3DL3*045,KIR3DL2*00701+KIR3DL2*10601,KIR2DS4*01101+KIR2DS4*null KIR2DS4*00101+KIR2DS4*null KIR2DS4*01102+KIR2DS4*null KIR2DS4*020+KIR2DS4*null,KIR2DL1*00201+KIR2DL1*017,KIR2DS1*unresolved+KIR2DS1*null,KIR2DL5A*00101+KIR2DL5B*01304,KIR2DL2*00301+KIR2DL3*unresolved,KIR2DS3*005+KIR2DS5*00202,KIR3DS1*01301+KIR3DL1*028
synSeq.hiseq.dp50.rl150.43.paired,KIR3DP1*002+KIR3DP1*007+KIR3DP1*015,KIR2DP1*00201+KIR2DP1*00201,KIR2DS2*009+KIR2DS2*null,KIR2DL4*00602+KIR2DL4*020+KIR2DL4*042 KIR2DL4*00603+KIR2DL4*020+KIR2DL4*042 KIR2DL4*020+KIR2DL4*039+KIR2DL4*042,KIR3DL3*00101+KIR3DL3*093,KIR3DL2*088+KIR3DL2*112,KIR2DS4*01101+KIR2DS4*015,KIR2DL1*00201+KIR2DL1*035,KIR2DS1*null+KIR2DS1*null,KIR2DL5B*00201+KIR2DL5*null,KIR2DL2*00102+KIR2DL3*00107,KIR2DS3*00106+KIR2DS35*null,KIR3DS1*unresolved+KIR3DL1*00801+KIR3DL1*086
synSeq.hiseq.dp50.rl150.44.paired,KIR3DP1*unresolved+KIR3DP1*null,KIR2DP1*null+KIR2DP1*null,KIR2DS2*00101+KIR2DS2*004,KIR2DL4*041+KIR2DL4*null,KIR3DL3*023+KIR3DL3*032,KIR3DL2*059+KIR3DL2*076,KIR2DS4*null+KIR2DS4*null,KIR2DL1*null+KIR2DL1*null,KIR2DS1*00201+KIR2DS1*00201,KIR2DL5*unresolved+KIR2DL5*unresolved,KIR2DL2*00301+KIR2DL2*00601,KIR2DS5*00802+KIR2DS5*01201,KIR3DS1*01301+KIR3DL1S1*null
synSeq.hiseq.dp50.rl150.45.paired,KIR3DP1*00302+KIR3DP1*007,KIR2DP1*007+KIR2DP1*null,KIR2DS2*00101+KIR2DS2*null,KIR2DL4*004+KIR2DL4*045,KIR3DL3*01302+KIR3DL3*01402,KIR3DL2*01302+KIR3DL2*083,KIR2DS4*unresolved+KIR2DS4*null,KIR2DL1*unresolved+KIR2DL1*null,KIR2DS1*unresolved+KIR2DS1*null,KIR2DL5A*00103+KIR2DL5*null,KIR2DL2*009+KIR2DL3*01202,KIR2DS5*015+KIR2DS35*null,KIR3DS1*084+KIR3DL1*01502
synSeq.hiseq.dp50.rl150.46.paired,KIR3DP1*00302+KIR3DP1*007,KIR2DP1*00103+KIR2DP1*024,KIR2DS2*00101+KIR2DS2*009,KIR2DL4*00504+KIR2DL4*00604,KIR3DL3*00202+KIR3DL3*04802 KIR3DL3*01001+KIR3DL3*01307 KIR3DL3*01003+KIR3DL3*01305,KIR3DL2*00301+KIR3DL2*049,KIR2DS4*null+KIR2DS4*null,KIR2DL1*00101+KIR2DL1*034 KIR2DL1*00201+KIR2DL1*00302,KIR2DS1*00201+KIR2DS1*00301,KIR2DL5*unresolved+KIR2DL5*unresolved+KIR2DL5*unresolved+KIR2DL5*unresolved,KIR2DL2*00301+KIR2DL2*012,KIR2DS3*00101+KIR2DS3*004+KIR2DS3*007,KIR3DS1*010+KIR3DS1*01301
synSeq.hiseq.dp50.rl150.47.paired,KIR3DP1*00303+KIR3DP1*01001,KIR2DP1*009+KIR2DP1*null,KIR2DS2*00103+KIR2DS2*007,KIR2DL4*019+KIR2DL4*031,KIR3DL3*00802+KIR3DL3*050,KIR3DL2*01901+KIR3DL2*113,KIR2DS4*null+KIR2DS4*null,KIR2DL1*030+KIR2DL1*null,KIR2DS1*00201+KIR2DS1*00302,KIR2DL5B*00204+KIR2DL5B*00701+KIR2DL5B*009,KIR2DL2*00301+KIR2DL2*009,KIR2DS3*004+KIR2DS3*005+KIR2DS5*016,KIR3DS1*01301+KIR3DS1*084
synSeq.hiseq.dp50.rl150.48.paired,KIR3DP1*015+KIR3DP1*null,KIR2DP1*null+KIR2DP1*null,KIR2DS2*00101+KIR2DS2*00104,KIR2DL4*032+KIR2DL4*null,KIR3DL3*01701+KIR3DL3*067,KIR3DL2*020+KIR3DL2*095,KIR2DS4*null+KIR2DS4*null,KIR2DL1*null+KIR2DL1*null,KIR2DS1*00201+KIR2DS1*006,KIR2DL5B*00201+KIR2DL5B*019 KIR2DL5B*01301+KIR2DL5B*017,KIR2DL2*00304+KIR2DL2*013,KIR2DS5*00802+KIR2DS5*01202,KIR3DS1*01301+KIR3DL1S1*null
synSeq.hiseq.dp50.rl150.49.paired,KIR3DP1*unresolved+KIR3DP1*unresolved+KIR3DP1*unresolved,KIR2DP1*009+KIR2DP1*020,KIR2DS2*00101+KIR2DS2*005,KIR2DL4*00604+KIR2DL4*01102+KIR2DL4*040,KIR3DL3*007+KIR3DL3*01303 KIR3DL3*01403+KIR3DL3*019,KIR3DL2*00109+KIR3DL2*074,KIR2DS4*012+KIR2DS4*null,KIR2DL1*00101+KIR2DL1*00304,KIR2DS1*00501+KIR2DS1*null,KIR2DL5A*00101+KIR2DL5A*00104+KIR2DL5A*00105 KIR2DL5A*00104+KIR2DL5A*00104+KIR2DL5A*00105 KIR2DL5A*00104+KIR2DL5A*00105+KIR2DL5A*00105,KIR2DL2*00101+KIR2DL2*007,KIR2DS3*00103+KIR2DS3*00106+KIR2DS3*003N KIR2DS3*00106+KIR2DS3*00106+KIR2DS3*003N KIR2DS3*00106+KIR2DS3*00201+KIR2DS3*003N KIR2DS3*00106+KIR2DS3*003N+KIR2DS3*003N,KIR3DS1*01301+KIR3DS1*104+KIR3DL1*00701
synSeq.hiseq.dp50.rl150.4.paired,KIR3DP1*00301+KIR3DP1*00901,KIR2DP1*008+KIR2DP1*null,KIR2DS2*003+KIR2DS2*null,KIR2DL4*00801+KIR2DL4*01202,KIR3DL3*01402+KIR3DL3*036,KIR3DL2*00701+KIR3DL2*114,KIR2DS4*00301+KIR2DS4*00401,KIR2DL1*00304+KIR2DL1*null,KIR2DS1*null+KIR2DS1*null,KIR2DL5*null+KIR2DL5*null,KIR2DL2*unresolved+KIR2DL3*019,KIR2DS35*null+KIR2DS35*null,KIR3DL1*01502+KIR3DL1*044
synSeq.hiseq.dp50.rl150.50.paired,KIR3DP1*unresolved+KIR3DP1*unresolved+KIR3DP1*unresolved,KIR2DP1*00101+KIR2DP1*00201,KIR2DS2*00101+KIR2DS2*007,KIR2DL4*00103+KIR2DL4*00801+KIR2DL4*024 KIR2DL4*00501+KIR2DL4*00801+KIR2DL4*026 KIR2DL4*00801+KIR2DL4*01101+KIR2DL4*026 KIR2DL4*00801+KIR2DL4*01201+KIR2DL4*026 KIR2DL4*00801+KIR2DL4*013+KIR2DL4*024 KIR2DL4*00801+KIR2DL4*024+KIR2DL4*026 KIR2DL4*00801+KIR2DL4*025+KIR2DL4*026,KIR3DL3*01404+KIR3DL3*043,KIR3DL2*00710+KIR3DL2*018,KIR2DS4*00301+KIR2DS4*null,KIR2DL1*00302+KIR2DL1*00401 KIR2DL1*00602+KIR2DL1*010,KIR2DS1*009+KIR2DS1*null,KIR2DL5A*00101+KIR2DL5A*00101+KIR2DL5A*021 KIR2DL5A*00101+KIR2DL5A*00102+KIR2DL5A*021 KIR2DL5A*00101+KIR2DL5A*00103+KIR2DL5A*021 KIR2DL5A*00101+KIR2DL5A*00104+KIR2DL5A*021 KIR2DL5A*00101+KIR2DL5A*00501+KIR2DL5A*021 KIR2DL5A*00101+KIR2DL5A*021+KIR2DL5A*021 KIR2DL5A*00102+KIR2DL5A*00103+KIR2DL5A*021 KIR2DL5A*00102+KIR2DL5A*00104+KIR2DL5A*021 KIR2DL5A*00103+KIR2DL5A*00104+KIR2DL5A*021,KIR2DL2*00101+KIR2DL2*007,KIR2DS3*00104+KIR2DS3*00201+KIR2DS3*005,KIR3DS1*01301+KIR3DS1*01301+KIR3DL1*02001
synSeq.hiseq.dp50.rl150.5.paired,KIR3DP1*00302+KIR3DP1*00304+KIR3DP1*013 KIR3DP1*00304+KIR3DP1*00304+KIR3DP1*013 KIR3DP1*00304+KIR3DP1*013+KIR3DP1*013,KIR2DP1*00202+KIR2DP1*022,KIR2DS2*009+KIR2DS2*null,KIR2DL4*00201+KIR2DL4*00503+KIR2DL4*00802 KIR2DL4*00202+KIR2DL4*00503+KIR2DL4*00802 KIR2DL4*00501+KIR2DL4*00503+KIR2DL4*00802 KIR2DL4*00503+KIR2DL4*00503+KIR2DL4*00802 KIR2DL4*00503+KIR2DL4*00801+KIR2DL4*00802 KIR2DL4*00503+KIR2DL4*00802+KIR2DL4*00802 KIR2DL4*00503+KIR2DL4*00802+KIR2DL4*01101,KIR3DL3*00301+KIR3DL3*00906,KIR3DL2*035+KIR3DL2*07902,KIR2DS4*00101+KIR2DS4*null,KIR2DL1*00401+KIR2DL1*00401,KIR2DS1*unresolved+KIR2DS1*null,KIR2DL5B*00203+KIR2DL5B*00701,KIR2DL2*00301+KIR2DL3*011 KIR2DL2*005+KIR2DL3*011,KIR2DS3*unresolved+KIR2DS5*010,KIR3DS1*045+KIR3DS1*047+KIR3DL1*02901
synSeq.hiseq.dp50.rl150.6.paired,KIR3DP1*00901+KIR3DP1*014,KIR2DP1*012+KIR2DP1*023,KIR2DS2*00101+KIR2DS2*00101,KIR2DL4*00801+KIR2DL4*021,KIR3DL3*01412+KIR3DL3*047,KIR3DL2*029+KIR3DL2*053,KIR2DS4*null+KIR2DS4*null,KIR2DL1*00302+KIR2DL1*00602,KIR2DS1*006+KIR2DS1*008,KIR2DL5*unresolved+KIR2DL5*unresolved+KIR2DL5*unresolved+KIR2DL5*unresolved,KIR2DL2*00301+KIR2DL2*005,KIR2DS3*00201+KIR2DS3*007+KIR2DS5*00201+KIR2DS5*00201,KIR3DS1*012+KIR3DS1*084
synSeq.hiseq.dp50.rl150.7.paired,KIR3DP1*00901+KIR3DP1*014,KIR2DP1*022+KIR2DP1*023,KIR2DS2*00101+KIR2DS2*005,KIR2DL4*01101+KIR2DL4*034,KIR3DL3*029+KIR3DL3*077,KIR3DL2*066+KIR3DL2*113,KIR2DS4*null+KIR2DS4*null,KIR2DL1*unresolved+KIR2DL1*unresolved,KIR2DS1*00201+KIR2DS1*00501,KIR2DL5A*00101+KIR2DL5A*00501+KIR2DL5B*00805 KIR2DL5A*00101+KIR2DL5B*00201+KIR2DL5B*00805 KIR2DL5A*00101+KIR2DL5B*00202+KIR2DL5B*00805 KIR2DL5A*00102+KIR2DL5A*00501+KIR2DL5B*00805 KIR2DL5A*00102+KIR2DL5B*00201+KIR2DL5B*00805 KIR2DL5A*00102+KIR2DL5B*00202+KIR2DL5B*00805 KIR2DL5A*00103+KIR2DL5A*00501+KIR2DL5B*00805 KIR2DL5A*00103+KIR2DL5B*00201+KIR2DL5B*00805 KIR2DL5A*00103+KIR2DL5B*00202+KIR2DL5B*00805 KIR2DL5A*00104+KIR2DL5A*00501+KIR2DL5B*00805 KIR2DL5A*00104+KIR2DL5B*00201+KIR2DL5B*00805 KIR2DL5A*00104+KIR2DL5B*00202+KIR2DL5B*00805 KIR2DL5A*00104+KIR2DL5B*00203+KIR2DL5B*00805 KIR2DL5A*00501+KIR2DL5A*00501+KIR2DL5B*00805 KIR2DL5A*00501+KIR2DL5B*00201+KIR2DL5B*00805 KIR2DL5A*00501+KIR2DL5B*00202+KIR2DL5B*00805 KIR2DL5A*00501+KIR2DL5B*00203+KIR2DL5B*00805 KIR2DL5A*00501+KIR2DL5B*00801+KIR2DL5B*00805 KIR2DL5A*00501+KIR2DL5B*00803+KIR2DL5B*00805 KIR2DL5A*00501+KIR2DL5B*00804+KIR2DL5B*00805 KIR2DL5A*00501+KIR2DL5B*00805+KIR2DL5B*00805,KIR2DL2*00301+KIR2DL2*009,KIR2DS3*00102+KIR2DS3*00201+KIR2DS3*005,KIR3DS1*01301+KIR3DS1*01301
synSeq.hiseq.dp50.rl150.8.paired,KIR3DP1*00301+KIR3DP1*00302,KIR2DP1*00102+KIR2DP1*00103,KIR2DS2*null+KIR2DS2*null,KIR2DL4*003+KIR2DL4*00501,KIR3DL3*01501+KIR3DL3*094,KIR3DL2*01103+KIR3DL2*073,KIR2DS4*015+KIR2DS4*null,KIR2DL1*00302+KIR2DL1*00302,KIR2DS1*004+KIR2DS1*null,KIR2DL5B*01304+KIR2DL5*null,KIR2DL3*00101+KIR2DL3*023,KIR2DS3*00103+KIR2DS35*null,KIR3DS1*108+KIR3DL1*03101
synSeq.hiseq.dp50.rl150.9.paired,KIR3DP1*unresolved+KIR3DP1*unresolved,KIR2DP1*010+KIR2DP1*null KIR2DP1*014+KIR2DP1*null,KIR2DS2*00101+KIR2DS2*004,KIR2DL4*00103+KIR2DL4*031,KIR3DL3*02502+KIR3DL3*054,KIR3DL2*00710+KIR3DL2*094,KIR2DS4*00101+KIR2DS4*null KIR2DS4*020+KIR2DS4*null,KIR2DL1*00401+KIR2DL1*null,KIR2DS1*001+KIR2DS1*null,KIR2DL5*unresolved+KIR2DL5*unresolved,KIR2DL2*007+KIR2DL2*007,KIR2DS3*00103+KIR2DS3*00201,KIR3DS1*058+KIR3DL1*00201