KIR3DP1,KIR2DS5,KIR2DL3,KIR2DP1,KIR2DS3,KIR2DS2,KIR2DL4,KIR3DL3,KIR3DL1,KIR3DS1,KIR2DL2,KIR3DL2,KIR2DS4,KIR2DL1,KIR2DS1,KIR2DL5,KIR2DL23
african-100,unresolved_mismatch,NA,KIR2DL3*00101+KIR2DL3*01202,unresolved_mismatch,NA,NA,KIR2DL4*00103+KIR2DL4*024 KIR2DL4*00501+KIR2DL4*026,KIR3DL3*00201+KIR3DL3*00901,KIR3DL1*070+KIR3DL1*113,NA,NA,unresolved_mismatch,unresolved_mismatch,unresolved_mismatch,NA,NA,NA
african-108,KIR3DP1*00301+KIR3DP1*01001,NA,KIR2DL3*00201+KIR2DL3*00501,KIR2DP1*00102+KIR2DP1*020,KIR2DS3*00201,NA,KIR2DL4*00801+KIR2DL4*00802,unresolved_mismatch,unresolved_mismatch,NA,NA,KIR3DL2*00105,KIR2DS4*00301,unresolved_mismatch,NA,KIR2DL5B*010,NA
african-109,KIR3DP1*00304+KIR3DP1*01001,NA,KIR2DL3*00101,KIR2DP1*00203,NA,NA,unresolved_mismatch,KIR3DL3*00301+KIR3DL3*00901 KIR3DL3*00301+KIR3DL3*081,KIR3DL1*00501+KIR3DL1*023,NA,KIR2DL2*00602,KIR3DL2*00103,KIR2DS4*00101+KIR2DS4*010 KIR2DS4*00301+KIR2DS4*016,KIR2DL1*00302,NA,NA,NA
african-110,unresolved_mismatch,KIR2DS5*01201,NA,KIR2DP1*023,NA,unresolved_mismatch,KIR2DL4*00103+KIR2DL4*026,KIR3DL3*037+KIR3DL3*038,KIR3DL1*01501+KIR3DL1*03501,NA,unresolved_mismatch,KIR3DL2*00103+KIR3DL2*00601,KIR2DS4*00101,KIR2DL1*026,NA,KIR2DL5B*00805,NA
african-116,KIR3DP1*00302,KIR2DS5*00201,NA,KIR2DP1*011,KIR2DS3*007,KIR2DS2*00101,KIR2DL4*00801,unresolved_mismatch,KIR3DL1*00501,NA,KIR2DL2*00101,KIR3DL2*00902+KIR3DL2*01001,KIR2DS4*010,unresolved_mismatch,KIR2DS1*00201,KIR2DL5A*00104+KIR2DL5A*00501 KIR2DL5B*00804+KIR2DL5A*00501 KIR2DL5A*00104+KIR2DL5B*00201 KIR2DL5B*00804+KIR2DL5B*00201,NA
african-117,unresolved_mismatch,NA,KIR2DL3*00101,unresolved_mismatch,NA,NA,KIR2DL4*00103+KIR2DL4*024 KIR2DL4*00501+KIR2DL4*026,KIR3DL3*00202+KIR3DL3*01102,KIR3DL1*00801+KIR3DL1*03501,NA,NA,KIR3DL2*00601+KIR3DL2*01902 KIR3DL2*00602+KIR3DL2*01901,unresolved_mismatch,KIR2DL1*00302,NA,NA,NA
african-120,unresolved_mismatch,unresolved_mismatch,NA,unresolved_mismatch,unresolved_mismatch,unresolved_mismatch,unresolved_mismatch,unresolved_mismatch,KIR3DL1*00401+KIR3DL1*111,NA,KIR2DL2*00301,unresolved_mismatch,KIR2DS4*00601+KIR2DS4*009,KIR2DL1*00302+KIR2DL1*00401 KIR2DL1*00602+KIR2DL1*010,NA,KIR2DL5A*00101+KIR2DL5A*00501 KIR2DL5B*00801+KIR2DL5A*00501 KIR2DL5A*00101+KIR2DL5B*00201 KIR2DL5B*00801+KIR2DL5B*00201 KIR2DL5A*00104+KIR2DL5B*00203 KIR2DL5B*00804+KIR2DL5B*00203,NA
african-121,KIR3DP1*00301+KIR3DP1*00302,NA,unresolved_mismatch,KIR2DP1*00102+KIR2DP1*00301,KIR2DS3*00201,KIR2DS2*00101,KIR2DL4*00103+KIR2DL4*024 KIR2DL4*00501+KIR2DL4*026,unresolved_mismatch,KIR3DL1*01502+KIR3DL1*03501,NA,KIR2DL2*00304,KIR3DL2*00201+KIR3DL2*052,unresolved_mismatch,unresolved_mismatch,NA,KIR2DL5B*00201,NA
african-122,unresolved_mismatch,KIR2DS5*00502,KIR2DL3*00101,unresolved_mismatch,NA,KIR2DS2*00101,KIR2DL4*00103,KIR3DL3*01104+KIR3DL3*01403,KIR3DL1*01501,NA,unresolved_mismatch,KIR3DL2*00103,KIR2DS4*00101,KIR2DL1*00101+KIR2DL1*00302,NA,unresolved_mismatch,NA
african-123,unresolved_mismatch,unresolved_mismatch,KIR2DL3*00101,KIR2DP1*00102+KIR2DP1*00201+KIR2DP1*010 KIR2DP1*00102+KIR2DP1*00201+KIR2DP1*014,KIR2DS3*00103,KIR2DS2*00101,KIR2DL4*00103+KIR2DL4*021,KIR3DL3*00301+KIR3DL3*052,KIR3DL1*01501+KIR3DL1*02001,NA,KIR2DL2*00101,KIR3DL2*00103+KIR3DL2*037 KIR3DL2*00902+KIR3DL2*01301,KIR2DS4*00101,KIR2DL1*00401+KIR2DL1*00602,NA,KIR2DL5A*00101+KIR2DL5A*00501 KIR2DL5B*00801+KIR2DL5A*00501 KIR2DL5A*00101+KIR2DL5B*00201 KIR2DL5B*00801+KIR2DL5B*00201 KIR2DL5A*00104+KIR2DL5B*00203 KIR2DL5B*00804+KIR2DL5B*00203,NA
african-124,KIR3DP1*00302+KIR3DP1*00304,NA,KIR2DL3*00101,KIR2DP1*00102+KIR2DP1*00201,unresolved_mismatch,KIR2DS2*00101,unresolved_mismatch,KIR3DL3*005+KIR3DL3*038,KIR3DL1*00501+KIR3DL1*071,NA,KIR2DL2*00301,KIR3DL2*00103+KIR3DL2*023,KIR2DS4*00301+KIR2DS4*010,KIR2DL1*00302+KIR2DL1*00401 KIR2DL1*00602+KIR2DL1*010,NA,KIR2DL5A*00501 KIR2DL5B*00201,NA
african-126,KIR3DP1*00302,KIR2DS5*00201,unresolved_mismatch,unresolved_mismatch,NA,unresolved_mismatch,unresolved_mismatch,KIR3DL3*00402+KIR3DL3*005 KIR3DL3*00801+KIR3DL3*034,KIR3DL1*00101,NA,unresolved_mismatch,KIR3DL2*00101+KIR3DL2*00601 KIR3DL2*00103+KIR3DL2*00602,KIR2DS4*00301,KIR2DL1*00302,KIR2DS1*00201,unresolved_mismatch,NA
african-127,KIR3DP1*01001,NA,KIR2DL3*00101+KIR2DL3*006,KIR2DP1*00201+KIR2DP1*007,NA,NA,KIR2DL4*00103+KIR2DL4*00802 KIR2DL4*00104+KIR2DL4*00801,KIR3DL3*005+KIR3DL3*012,KIR3DL1*00401+KIR3DL1*01501,NA,NA,KIR3DL2*00301+KIR3DL2*01301,KIR2DS4*00101+KIR2DS4*00601 KIR2DS4*00102+KIR2DS4*00301,KIR2DL1*00302+KIR2DL1*00303,NA,NA,NA
african-128,KIR3DP1*00302+KIR3DP1*01001,NA,KIR2DL3*00501,unresolved_mismatch,NA,KIR2DS2*00101,KIR2DL4*00103,KIR3DL3*01402+KIR3DL3*056 KIR3DL3*056+KIR3DL3*092,KIR3DL1*01501+KIR3DL1*03101,NA,KIR2DL2*00101,KIR3DL2*00103+KIR3DL2*01301,KIR2DS4*00101+KIR2DS4*00104,KIR2DL1*00302,NA,NA,NA
african-129,unresolved_mismatch,NA,NA,unresolved_mismatch,KIR2DS3*00103,unresolved_mismatch,KIR2DL4*00103,KIR3DL3*00301+KIR3DL3*032,KIR3DL1*01701+KIR3DL1*023,NA,unresolved_mismatch,KIR3DL2*00103+KIR3DL2*01001,KIR2DS4*00101,KIR2DL1*00401,NA,unresolved_mismatch,NA
african-130,unresolved_mismatch,KIR2DS5*00502,KIR2DL3*00101,unresolved_mismatch,NA,unresolved_mismatch,KIR2DL4*00802+KIR2DL4*013,KIR3DL3*00207+KIR3DL3*069,unresolved_mismatch,NA,unresolved_mismatch,KIR3DL2*015,KIR2DS4*00101,KIR2DL1*00302+KIR2DL1*02201,NA,unresolved_mismatch,NA
african-132,unresolved_mismatch,KIR2DS5*00502,NA,KIR2DP1*00103,NA,unresolved_mismatch,KIR2DL4*00103+KIR2DL4*01101 KIR2DL4*00501+KIR2DL4*013,KIR3DL3*00402+KIR3DL3*020,KIR3DL1*00101+KIR3DL1*01501 KIR3DL1*016+KIR3DL1*018,NA,KIR2DL2*00101+KIR2DL2*00301,KIR3DL2*00101+KIR3DL2*01301 KIR3DL2*00103+KIR3DL2*01303,KIR2DS4*00101+KIR2DS4*00301,KIR2DL1*00101,NA,KIR2DL5B*018,NA
african-133,unresolved_mismatch,NA,KIR2DL3*00101,unresolved_mismatch,NA,NA,unresolved_mismatch,KIR3DL3*005+KIR3DL3*00901 KIR3DL3*005+KIR3DL3*081,KIR3DL1*00101+KIR3DL1*01502,NA,NA,KIR3DL2*00101+KIR3DL2*00201 KIR3DL2*00103+KIR3DL2*00202,unresolved_mismatch,unresolved_mismatch,NA,NA,NA
african-134,KIR3DP1*00301+KIR3DP1*00302,NA,NA,KIR2DP1*00102,KIR2DS3*00106,KIR2DS2*00101,KIR2DL4*00102+KIR2DL4*00103,KIR3DL3*00301+KIR3DL3*00402,KIR3DL1*00201+KIR3DL1*01501,NA,KIR2DL2*00101+KIR2DL2*012,KIR3DL2*00101+KIR3DL2*00201 KIR3DL2*00103+KIR3DL2*00202,KIR2DS4*00101,KIR2DL1*00401,NA,unresolved_mismatch,NA
african-136,KIR3DP1*00301,NA,NA,KIR2DP1*00102,KIR2DS3*00201,unresolved_mismatch,KIR2DL4*00103+KIR2DL4*01201,unresolved_mismatch,KIR3DL1*01502+KIR3DL1*111,NA,KIR2DL2*00301+KIR2DL2*00304,unresolved_mismatch,unresolved_mismatch,KIR2DL1*00401,NA,unresolved_mismatch,NA
african-137,KIR3DP1*00301+KIR3DP1*00302,KIR2DS5*00201,NA,unresolved_mismatch,KIR2DS3*00103,KIR2DS2*00101+KIR2DS2*004,KIR2DL4*00501+KIR2DL4*00801,KIR3DL3*00402+KIR3DL3*034,KIR3DL1*00101,KIR3DS1*01301,KIR2DL2*004+KIR2DL2*012,KIR3DL2*00101+KIR3DL2*058,KIR2DS4*00301,unresolved_mismatch,KIR2DS1*00201,KIR2DL5A*00101+KIR2DL5A*00501,NA
african-139,KIR3DP1*00302,NA,KIR2DL3*00101,KIR2DP1*00203,NA,KIR2DS2*00101,KIR2DL4*00801+KIR2DL4*01101,KIR3DL3*00301+KIR3DL3*00901,KIR3DL1*00101+KIR3DL1*00501,NA,KIR2DL2*00301,KIR3DL2*00101+KIR3DL2*00103,KIR2DS4*00301+KIR2DS4*010,KIR2DL1*00302,NA,NA,NA
african-140,KIR3DP1*00302,KIR2DS5*00201,KIR2DL3*00101,KIR2DP1*00201,NA,KIR2DS2*00101,unresolved_mismatch,KIR3DL3*00207+KIR3DL3*00301 KIR3DL3*00901+KIR3DL3*01405,KIR3DL1*00101,KIR3DS1*01301,KIR2DL2*00301,unresolved_mismatch,KIR2DS4*00301,KIR2DL1*00302,KIR2DS1*00201,KIR2DL5A*00101,NA
african-141,KIR3DP1*00302,NA,KIR2DL3*01202,KIR2DP1*00301,NA,NA,KIR2DL4*00103,KIR3DL3*01103,KIR3DL1*01501,NA,NA,KIR3DL2*00103,KIR2DS4*00101,unresolved_mismatch,NA,NA,NA
african-142,KIR3DP1*00302+KIR3DP1*014,NA,KIR2DL3*00501+KIR2DL3*01202,KIR2DP1*00301+KIR2DP1*016,NA,NA,KIR2DL4*00103+KIR2DL4*00801,KIR3DL3*00202+KIR3DL3*056 KIR3DL3*01103+KIR3DL3*02701,KIR3DL1*00101+KIR3DL1*01501 KIR3DL1*016+KIR3DL1*018,NA,NA,KIR3DL2*00101+KIR3DL2*00103,KIR2DS4*00301,KIR2DL1*00201+KIR2DL1*00401,NA,NA,NA
african-143,unresolved_mismatch,KIR2DS5*01201 KIR2DS5*01202,KIR2DL3*00201,KIR2DP1*00301,NA,KIR2DS2*00101,KIR2DL4*00801+KIR2DL4*00801,KIR3DL3*00101+KIR3DL3*038,KIR3DL1*00101,NA,unresolved_mismatch,KIR3DL2*00101,KIR2DS4*00301,KIR2DL1*00201,NA,KIR2DL5B*00805,NA
african-144,KIR3DP1*006+KIR3DP1*014,KIR2DS5*00502,KIR2DL3*00201,KIR2DP1*00103+KIR2DP1*00301,NA,KIR2DS2*00101,KIR2DL4*00103+KIR2DL4*00801,KIR3DL3*01307+KIR3DL3*01403,KIR3DL1*00101+KIR3DL1*01501 KIR3DL1*016+KIR3DL1*018,NA,KIR2DL2*00101,KIR3DL2*00101+KIR3DL2*01101 KIR3DL2*00103+KIR3DL2*01101 KIR3DL2*00301+KIR3DL2*01001,KIR2DS4*00101+KIR2DS4*00301,KIR2DL1*00101+KIR2DL1*00201,NA,unresolved_mismatch,NA
african004,KIR3DP1*00304+KIR3DP1*01001,NA,KIR2DL3*00201,KIR2DP1*00102+KIR2DP1*020,unresolved_mismatch,KIR2DS2*00101,unresolved_mismatch,unresolved_mismatch,KIR3DL1*00101+KIR3DL1*071,NA,KIR2DL2*00301,KIR3DL2*00103+KIR3DL2*00105,KIR2DS4*00101+KIR2DS4*00301,KIR2DL1*00201+KIR2DL1*035,NA,KIR2DL5B*00201,NA
african009,unresolved_mismatch,NA,KIR2DL3*00101+KIR2DL3*00501,unresolved_mismatch,NA,NA,unresolved_mismatch,unresolved_mismatch,unresolved_mismatch,NA,NA,KIR3DL2*01301,KIR2DS4*00101,KIR2DL1*00302+KIR2DL1*00401 KIR2DL1*00602+KIR2DL1*010,NA,NA,NA
african010,KIR3DP1*013+KIR3DP1*014,KIR2DS5*004+KIR2DS5*004+KIR2DS5*00502 KIR2DS5*004+KIR2DS5*00501+KIR2DS5*00502 KIR2DS5*004+KIR2DS5*00502+KIR2DS5*00502,NA,unresolved_mismatch,NA,KIR2DS2*00105,KIR2DL4*01101+KIR2DL4*013,KIR3DL3*00301+KIR3DL3*01402 KIR3DL3*00302+KIR3DL3*01401,KIR3DL1*00501+KIR3DL1*041,NA,KIR2DL2*00601,unresolved_mismatch,unresolved_mismatch,KIR2DL1*010+KIR2DL1*02202,NA,unresolved_mismatch,NA
african011,unresolved_mismatch,unresolved_mismatch,NA,KIR2DP1*00102+KIR2DP1*009,unresolved_mismatch,KIR2DS2*00101,KIR2DL4*00102+KIR2DL4*024,KIR3DL3*00301+KIR3DL3*038,KIR3DL1*01502+KIR3DL1*03501,NA,unresolved_mismatch,KIR3DL2*00103+KIR3DL2*015 KIR3DL2*00201+KIR3DL2*00601,KIR2DS4*00101,KIR2DL1*00401+KIR2DL1*026,NA,KIR2DL5A*00501+KIR2DL5B*00805 KIR2DL5B*00201+KIR2DL5B*00805,NA
african012,unresolved_mismatch,unresolved_mismatch,KIR2DL3*00201,unresolved_mismatch,NA,KIR2DS2*00105,KIR2DL4*00801+KIR2DL4*01101,unresolved_mismatch,unresolved_mismatch,NA,KIR2DL2*00601,unresolved_mismatch,unresolved_mismatch,unresolved_mismatch,NA,KIR2DL5B*00601,NA
african014,KIR3DP1*00301+KIR3DP1*00302,KIR2DS5*00201,unresolved_mismatch,unresolved_mismatch,KIR2DS3*00103,KIR2DS2*004,KIR2DL4*00103+KIR2DL4*00501,KIR3DL3*005+KIR3DL3*028 KIR3DL3*01001+KIR3DL3*034,KIR3DL1*01701,KIR3DS1*01301,KIR2DL2*004,KIR3DL2*023+KIR3DL2*058,KIR2DS4*00101,KIR2DL1*00302+KIR2DL1*00401 KIR2DL1*00602+KIR2DL1*010,KIR2DS1*00201,KIR2DL5A*00101+KIR2DL5B*010 KIR2DL5A*00501+KIR2DL5B*00601 KIR2DL5A*01201+KIR2DL5B*00201,NA
african015,KIR3DP1*00302+KIR3DP1*01001,NA,KIR2DL3*00101,KIR2DP1*00102+KIR2DP1*00201,unresolved_mismatch,KIR2DS2*00101,unresolved_mismatch,KIR3DL3*01001+KIR3DL3*070,KIR3DL1*00501+KIR3DL1*01501,NA,KIR2DL2*00101,KIR3DL2*00103+KIR3DL2*024 KIR3DL2*01001+KIR3DL2*01301,KIR2DS4*00301+KIR2DS4*010,KIR2DL1*00302+KIR2DL1*00401 KIR2DL1*00602+KIR2DL1*010,NA,unresolved_mismatch,NA
african016,unresolved_mismatch,NA,KIR2DL3*00101,unresolved_mismatch,NA,NA,KIR2DL4*00103+KIR2DL4*024 KIR2DL4*00501+KIR2DL4*026,KIR3DL3*00301+KIR3DL3*01102 KIR3DL3*00901+KIR3DL3*020,KIR3DL1*023+KIR3DL1*03501,NA,KIR2DL2*00602,KIR3DL2*00103,KIR2DS4*00101,KIR2DL1*00302,NA,NA,NA
african017,KIR3DP1*00304+KIR3DP1*01001,KIR2DS5*007,KIR2DL3*006,KIR2DP1*007+KIR2DP1*010 KIR2DP1*007+KIR2DP1*014,NA,NA,KIR2DL4*00103,KIR3DL3*00208+KIR3DL3*034 KIR3DL3*005+KIR3DL3*01406,KIR3DL1*01501+KIR3DL1*01502,NA,KIR2DL2*00602,KIR3DL2*00103+KIR3DL2*040 KIR3DL2*00601+KIR3DL2*01301,KIR2DS4*00101,KIR2DL1*00303+KIR2DL1*00401,NA,KIR2DL5B*00601,NA
african018,unresolved_mismatch,KIR2DS5*00502,NA,KIR2DP1*00103,NA,KIR2DS2*00101,unresolved_mismatch,KIR3DL3*038,KIR3DL1*041,NA,KIR2DL2*00301,KIR3DL2*015,KIR2DS4*00101+KIR2DS4*00106,KIR2DL1*02201,NA,KIR2DL5B*018,NA
african019,unresolved_mismatch,KIR2DS5*00502,KIR2DL3*00101,unresolved_mismatch,NA,KIR2DS2*00101,unresolved_mismatch,KIR3DL3*00201+KIR3DL3*00301 KIR3DL3*00901+KIR3DL3*01403,KIR3DL1*041+KIR3DL1*070,NA,KIR2DL2*00101,KIR3DL2*00201+KIR3DL2*04302 KIR3DL2*015+KIR3DL2*023,KIR2DS4*00101,KIR2DL1*00401+KIR2DL1*02201,NA,unresolved_mismatch,NA
african020,KIR3DP1*00304+KIR3DP1*01001,NA,NA,KIR2DP1*00102,KIR2DS3*007,KIR2DS2*00101,unresolved_mismatch,KIR3DL3*00301+KIR3DL3*01403,KIR3DL1*00501+KIR3DL1*023,NA,KIR2DL2*00101+KIR2DL2*00602,KIR3DL2*00103+KIR3DL2*01001,KIR2DS4*00101+KIR2DS4*010 KIR2DS4*00301+KIR2DS4*016,KIR2DL1*00401,NA,unresolved_mismatch,NA
african022,KIR3DP1*00304,KIR2DS5*00201+KIR2DS5*007,NA,KIR2DP1*010 KIR2DP1*014,NA,KIR2DS2*00101,unresolved_mismatch,KIR3DL3*01406+KIR3DL3*038,KIR3DL1*01501,NA,KIR2DL2*00301+KIR2DL2*00602,KIR3DL2*00601+KIR3DL2*040,KIR2DS4*00101,KIR2DL1*00401,KIR2DS1*00201,KIR2DL5B*00601+KIR2DL5B*00801,NA
african023,KIR3DP1*00301+KIR3DP1*00304,KIR2DS5*007,KIR2DL3*00501,unresolved_mismatch,NA,KIR2DS2*00101,unresolved_mismatch,KIR3DL3*00301+KIR3DL3*02701 KIR3DL3*01402+KIR3DL3*041,unresolved_mismatch,NA,unresolved_mismatch,KIR3DL2*01001+KIR3DL2*052,KIR2DS4*00301+KIR2DS4*010,KIR2DL1*00401,NA,KIR2DL5B*00801,NA
african024,NA,KIR2DS5*00201,NA,NA,NA,KIR2DS2*00101,NA,KIR3DL3*00402+KIR3DL3*038,NA,NA,KIR2DL2*00101+KIR2DL2*00301,KIR3DL2*00601,NA,NA,KIR2DS1*00201,KIR2DL5B*00801,NA
african025,unresolved_mismatch,KIR2DS5*00201+KIR2DS5*00502,NA,KIR2DP1*00103,NA,unresolved_mismatch,KIR2DL4*026,KIR3DL3*00402+KIR3DL3*071,KIR3DL1*03501,NA,KIR2DL2*00101+KIR2DL2*00301,KIR3DL2*00601,KIR2DS4*00101,KIR2DL1*02201,KIR2DS1*00201,KIR2DL5B*00801+KIR2DL5B*018,NA
african026,KIR3DP1*00304,KIR2DS5*00201,KIR2DL3*00501,KIR2DP1*024,NA,KIR2DS2*00101,KIR2DL4*01201,KIR3DL3*036+KIR3DL3*04901,KIR3DL1*111,NA,KIR2DL2*00101,unresolved_mismatch,KIR2DS4*009,KIR2DL1*00303,KIR2DS1*00201,KIR2DL5B*00801,NA
african027,unresolved_mismatch,KIR2DS5*00201+KIR2DS5*00502,NA,KIR2DP1*00102+KIR2DP1*00103,unresolved_mismatch,KIR2DS2*00101,unresolved_mismatch,KIR3DL3*028+KIR3DL3*038,KIR3DL1*041,KIR3DS1*01301,KIR2DL2*00101+KIR2DL2*00301,KIR3DL2*00701+KIR3DL2*015,KIR2DS4*00101,KIR2DL1*00401+KIR2DL1*02201,KIR2DS1*00201,KIR2DL5A*00105+KIR2DL5A*00501+KIR2DL5B*018 KIR2DL5A*00105+KIR2DL5B*00201+KIR2DL5B*018 KIR2DL5A*00501+KIR2DL5B*00802+KIR2DL5B*018,NA
african028,KIR3DP1*00302+KIR3DP1*015,NA,KIR2DL3*00201,KIR2DP1*00301,NA,KIR2DS2*00101,KIR2DL4*00102+KIR2DL4*00103,KIR3DL3*00101+KIR3DL3*00402 KIR3DL3*00301+KIR3DL3*02601,KIR3DL1*00201+KIR3DL1*01501,NA,KIR2DL2*012,KIR3DL2*00201+KIR3DL2*053 KIR3DL2*055+KIR3DL2*11001,KIR2DS4*00101,KIR2DL1*00201,NA,NA,NA
african029,KIR3DP1*00302+KIR3DP1*014,NA,KIR2DL3*00101+KIR2DL3*035,unresolved_mismatch,NA,NA,unresolved_mismatch,KIR3DL3*01001+KIR3DL3*035,unresolved_mismatch,NA,NA,KIR3DL2*00103+KIR3DL2*00301,KIR2DS4*00101+KIR2DS4*00601 KIR2DS4*00102+KIR2DS4*00301,KIR2DL1*00302+KIR2DL1*00306,NA,NA,NA
african030,unresolved_mismatch,unresolved_mismatch,unresolved_mismatch,unresolved_mismatch,NA,unresolved_mismatch,KIR2DL4*00103+KIR2DL4*024 KIR2DL4*00501+KIR2DL4*026,KIR3DL3*01102+KIR3DL3*037,KIR3DL1*01501+KIR3DL1*03501,NA,unresolved_mismatch,KIR3DL2*00103+KIR3DL2*015 KIR3DL2*00201+KIR3DL2*00601,KIR2DS4*00101,unresolved_mismatch,NA,KIR2DL5B*00805,NA
african031,KIR3DP1*013+KIR3DP1*014,KIR2DS5*00502,KIR2DL3*00101,KIR2DP1*00103+KIR2DP1*00201,NA,KIR2DS2*00101,KIR2DL4*01101+KIR2DL4*013,KIR3DL3*00209+KIR3DL3*01403,KIR3DL1*00501+KIR3DL1*041,NA,unresolved_mismatch,KIR3DL2*00103+KIR3DL2*015 KIR3DL2*00201+KIR3DL2*00601,KIR2DS4*00301+KIR2DS4*010,KIR2DL1*00302+KIR2DL1*02201,NA,KIR2DL5B*018,NA
african035,unresolved_mismatch,KIR2DS5*01201,KIR2DL3*00101 KIR2DL3*00102 KIR2DL3*00105 KIR2DL3*003 KIR2DL3*01202 KIR2DL3*021 KIR2DL3*024 KIR2DL3*027 KIR2DL3*028 KIR2DL3*031 KIR2DL3*032 KIR2DL3*034,KIR2DP1*023,NA,KIR2DS2*00101,unresolved_mismatch,KIR3DL3*01801+KIR3DL3*038,unresolved_mismatch,NA,unresolved_mismatch,unresolved_mismatch,KIR2DS4*00101,unresolved_mismatch,NA,KIR2DL5B*00805,NA
african037,unresolved_mismatch,KIR2DS5*01201,NA,KIR2DP1*023,NA,unresolved_mismatch,KIR2DL4*00103+KIR2DL4*01201,KIR3DL3*037+KIR3DL3*038,KIR3DL1*01501+KIR3DL1*111,NA,unresolved_mismatch,unresolved_mismatch,unresolved_mismatch,KIR2DL1*026,NA,KIR2DL5B*00805,NA
african038,KIR3DP1*01001,KIR2DS5*00201,unresolved_mismatch,KIR2DP1*00201,NA,KIR2DS2*00101,KIR2DL4*00103,KIR3DL3*00301+KIR3DL3*00801 KIR3DL3*00402+KIR3DL3*00901,KIR3DL1*01501,NA,unresolved_mismatch,KIR3DL2*00103+KIR3DL2*040 KIR3DL2*00601+KIR3DL2*01301,KIR2DS4*00101,KIR2DL1*00302,KIR2DS1*00201,KIR2DL5A*00101 KIR2DL5B*00801,NA
african039,unresolved_mismatch,NA,KIR2DL3*00101,unresolved_mismatch,NA,NA,KIR2DL4*00103+KIR2DL4*024 KIR2DL4*00501+KIR2DL4*026,KIR3DL3*00301+KIR3DL3*067 KIR3DL3*00901+KIR3DL3*071,KIR3DL1*023+KIR3DL1*113,NA,KIR2DL2*00602,KIR3DL2*00103+KIR3DL2*00601,unresolved_mismatch,KIR2DL1*00302,NA,NA,NA
african042,unresolved_mismatch,KIR2DS5*01201,NA,KIR2DP1*009,NA,KIR2DS2*00101,KIR2DL4*00102+KIR2DL4*024,KIR3DL3*00402+KIR3DL3*038,KIR3DL1*00201+KIR3DL1*03501,NA,unresolved_mismatch,KIR3DL2*00103+KIR3DL2*015 KIR3DL2*00201+KIR3DL2*00601,KIR2DS4*00101,KIR2DL1*026,NA,unresolved_mismatch,NA
african043,KIR3DP1*00302,KIR2DS5*00201+KIR2DS5*01201,NA,KIR2DP1*023,NA,KIR2DS2*00101,KIR2DL4*01201,KIR3DL3*00402+KIR3DL3*038,KIR3DL1*111,NA,unresolved_mismatch,unresolved_mismatch,KIR2DS4*009,KIR2DL1*026,KIR2DS1*00201,KIR2DL5B*00801+KIR2DL5B*00805,NA
african044,unresolved_mismatch,KIR2DS5*01201,KIR2DL3*00101,KIR2DP1*00201+KIR2DP1*023,NA,KIR2DS2*00101,KIR2DL4*00103,KIR3DL3*01501+KIR3DL3*038,KIR3DL1*00801+KIR3DL1*01501,NA,unresolved_mismatch,unresolved_mismatch,KIR2DS4*00101+KIR2DS4*00301,KIR2DL1*026+KIR2DL1*032N,NA,KIR2DL5B*00805,NA
african046,KIR3DP1*00302+KIR3DP1*015,NA,KIR2DL3*00101+KIR2DL3*00201,KIR2DP1*00201+KIR2DP1*00301,NA,NA,KIR2DL4*00102+KIR2DL4*01101,KIR3DL3*00101+KIR3DL3*01501 KIR3DL3*00602+KIR3DL3*00901,KIR3DL1*00201+KIR3DL1*073,NA,NA,KIR3DL2*00103+KIR3DL2*10701 KIR3DL2*00201+KIR3DL2*01001,KIR2DS4*00101+KIR2DS4*010 KIR2DS4*00301+KIR2DS4*016,KIR2DL1*00101+KIR2DL1*034 KIR2DL1*00201+KIR2DL1*00302,NA,NA,NA
african047,KIR3DP1*00304+KIR3DP1*01001,KIR2DS5*01201,NA,KIR2DP1*023,NA,KIR2DS2*00101,KIR2DL4*00103+KIR2DL4*01201,KIR3DL3*00301+KIR3DL3*038,KIR3DL1*023+KIR3DL1*111,NA,KIR2DL2*00301+KIR2DL2*00602,unresolved_mismatch,unresolved_mismatch,KIR2DL1*026,NA,unresolved_mismatch,NA
african050,KIR3DP1*00302,NA,unresolved_mismatch,unresolved_mismatch,NA,KIR2DS2*00101,unresolved_mismatch,KIR3DL3*00207+KIR3DL3*020 KIR3DL3*01102+KIR3DL3*01405,KIR3DL1*00101+KIR3DL1*03501,NA,unresolved_mismatch,KIR3DL2*00101+KIR3DL2*015 KIR3DL2*00201+KIR3DL2*00602 KIR3DL2*00202+KIR3DL2*00601,KIR2DS4*00301,unresolved_mismatch,NA,NA,NA
african051,unresolved_mismatch,KIR2DS5*00201+KIR2DS5*01202,KIR2DL3*00101,unresolved_mismatch,NA,KIR2DS2*00101,KIR2DL4*024,KIR3DL3*01102+KIR3DL3*038,KIR3DL1*03501,NA,unresolved_mismatch,KIR3DL2*00103+KIR3DL2*00601,KIR2DS4*00101,KIR2DL1*00302,KIR2DS1*00201,KIR2DL5A*00101+KIR2DL5B*00805 KIR2DL5B*00801+KIR2DL5B*00805,NA
african052,KIR3DP1*00302,KIR2DS5*01201,NA,KIR2DP1*023,NA,unresolved_mismatch,KIR2DL4*00102+KIR2DL4*01201,KIR3DL3*020+KIR3DL3*092,KIR3DL1*00201+KIR3DL1*111,NA,unresolved_mismatch,unresolved_mismatch,KIR2DS4*00101,KIR2DL1*026,NA,unresolved_mismatch,NA
african053,unresolved_mismatch,KIR2DS5*00201,NA,NA,NA,KIR2DS2*00101,KIR2DL4*00102,KIR3DL3*00402,KIR3DL1*00201,NA,KIR2DL2*00101+KIR2DL2*012,KIR3DL2*00103+KIR3DL2*015 KIR3DL2*00201+KIR3DL2*00601,KIR2DS4*00101,NA,KIR2DS1*00201,KIR2DL5A*00101 KIR2DL5A*01201 KIR2DL5B*00601 KIR2DL5B*00801,NA
african054,unresolved_mismatch,NA,KIR2DL3*00101+KIR2DL3*00501,KIR2DP1*00301+KIR2DP1*010 KIR2DP1*00301+KIR2DP1*014,NA,NA,KIR2DL4*024,KIR3DL3*041+KIR3DL3*067,KIR3DL1*03501+KIR3DL1*113,NA,NA,KIR3DL2*00601+KIR3DL2*052,unresolved_mismatch,KIR2DL1*00302+KIR2DL1*00401 KIR2DL1*00602+KIR2DL1*010,NA,NA,NA
african055,unresolved_mismatch,unresolved_mismatch,NA,NA,NA,unresolved_mismatch,unresolved_mismatch,KIR3DL3*00402,KIR3DL1*00201,NA,KIR2DL2*00601+KIR2DL2*012,KIR3DL2*00103+KIR3DL2*015 KIR3DL2*00201+KIR3DL2*00601,unresolved_mismatch,NA,unresolved_mismatch,unresolved_mismatch,NA
african056,unresolved_mismatch,NA,KIR2DL3*00101+KIR2DL3*00201,unresolved_mismatch,NA,NA,unresolved_mismatch,KIR3DL3*01302+KIR3DL3*067,KIR3DL1*110+KIR3DL1*113,NA,NA,KIR3DL2*00301+KIR3DL2*00601,unresolved_mismatch,KIR2DL1*00101+KIR2DL1*034 KIR2DL1*00201+KIR2DL1*00302,NA,NA,NA
african057,NA,KIR2DS5*00201,NA,NA,NA,KIR2DS2*00101,NA,KIR3DL3*00402,NA,NA,KIR2DL2*00101,KIR3DL2*00601,NA,NA,KIR2DS1*00201,KIR2DL5B*00801,NA
african058,unresolved_mismatch,unresolved_mismatch,NA,KIR2DP1*00103 KIR2DP1*021 KIR2DP1*022,NA,unresolved_mismatch,unresolved_mismatch,KIR3DL3*00402+KIR3DL3*037,KIR3DL1*041,NA,unresolved_mismatch,KIR3DL2*00601+KIR3DL2*052,KIR2DS4*00101,KIR2DL1*02201,KIR2DS1*00201,KIR2DL5B*00801+KIR2DL5B*018,NA
african059,unresolved_mismatch,KIR2DS5*00201+KIR2DS5*01201,KIR2DL3*00201,unresolved_mismatch,NA,KIR2DS2*00101,KIR2DL4*00103+KIR2DL4*01101 KIR2DL4*00501+KIR2DL4*013,unresolved_mismatch,unresolved_mismatch,NA,unresolved_mismatch,KIR3DL2*00601+KIR3DL2*053 KIR3DL2*00602+KIR3DL2*053,KIR2DS4*00101,unresolved_mismatch,KIR2DS1*00201,unresolved_mismatch,NA
african061,unresolved_mismatch,KIR2DS5*01201,NA,KIR2DP1*023,NA,KIR2DS2*00101,KIR2DL4*00103,KIR3DL3*038,KIR3DL1*01501,NA,unresolved_mismatch,KIR3DL2*053,KIR2DS4*00101,KIR2DL1*026,NA,KIR2DL5B*00805,NA
african062,KIR3DP1*00302,KIR2DS5*00201+KIR2DS5*00201+KIR2DS5*01201 KIR2DS5*00201+KIR2DS5*01201+KIR2DS5*01201 KIR2DS5*00201+KIR2DS5*01201+KIR2DS5*01202 KIR2DS5*00201+KIR2DS5*01201+KIR2DS5*013,NA,KIR2DP1*023,NA,unresolved_mismatch,KIR2DL4*01201,unresolved_mismatch,KIR3DL1*111,NA,KIR2DL2*00101+KIR2DL2*00301,unresolved_mismatch,KIR2DS4*009,KIR2DL1*026,KIR2DS1*00201,KIR2DL5A*00101+KIR2DL5A*00101+KIR2DL5B*00805 KIR2DL5A*00101+KIR2DL5B*00801+KIR2DL5B*00805 KIR2DL5A*00101+KIR2DL5B*00803+KIR2DL5B*00805 KIR2DL5A*00101+KIR2DL5B*00805+KIR2DL5B*00805,NA
african063,unresolved_mismatch,KIR2DS5*01201,unresolved_mismatch,unresolved_mismatch,NA,NA,KIR2DL4*024,KIR3DL3*035+KIR3DL3*067,KIR3DL1*03501+KIR3DL1*113,NA,NA,KIR3DL2*00601,unresolved_mismatch,KIR2DL1*00302+KIR2DL1*026,NA,KIR2DL5B*00805,NA
african065,unresolved_mismatch,KIR2DS5*00202,KIR2DL3*00101,unresolved_mismatch,NA,KIR2DS2*00101,KIR2DL4*00103+KIR2DL4*00501,KIR3DL3*00301+KIR3DL3*01102 KIR3DL3*00901+KIR3DL3*020,KIR3DL1*070,KIR3DS1*01301,KIR2DL2*00301,unresolved_mismatch,KIR2DS4*00101,KIR2DL1*00401+KIR2DL1*02201,KIR2DS1*00201,KIR2DL5A*00101+KIR2DL5B*018,NA
african066,KIR3DP1*00302,NA,KIR2DL3*00101+KIR2DL3*011,KIR2DP1*00201,NA,NA,KIR2DL4*00103+KIR2DL4*022,KIR3DL3*005+KIR3DL3*00901 KIR3DL3*005+KIR3DL3*081,KIR3DL1*03101,NA,NA,KIR3DL2*00103,KIR2DS4*00104,KIR2DL1*00302,NA,NA,NA
african067,KIR3DP1*00302,NA,NA,KIR2DP1*011,KIR2DS3*007,unresolved_mismatch,KIR2DL4*00801,KIR3DL3*01405+KIR3DL3*069,KIR3DL1*00101+KIR3DL1*00501,NA,KIR2DL2*00301,KIR3DL2*00101+KIR3DL2*01001 KIR3DL2*00103+KIR3DL2*01004,KIR2DS4*00301+KIR2DS4*010,KIR2DL1*00401,NA,unresolved_mismatch,NA
african068,KIR3DP1*00302,NA,NA,KIR2DP1*011,KIR2DS3*007,unresolved_mismatch,KIR2DL4*00801,KIR3DL3*01405+KIR3DL3*069,KIR3DL1*00101+KIR3DL1*00501,NA,KIR2DL2*00301,KIR3DL2*00101+KIR3DL2*01001 KIR3DL2*00103+KIR3DL2*01004,KIR2DS4*00301+KIR2DS4*010,KIR2DL1*00401,NA,unresolved_mismatch,NA
african069,KIR3DP1*00302,NA,KIR2DL3*00101,KIR2DP1*00202,NA,NA,KIR2DL4*00103,KIR3DL3*057,KIR3DL1*01502,NA,NA,KIR3DL2*063,KIR2DS4*00101,KIR2DL1*00302,NA,NA,NA
african070,KIR3DP1*00302,KIR2DS5*00201,KIR2DL3*00101,unresolved_mismatch,NA,KIR2DS2*00101,KIR2DL4*00103,KIR3DL3*00201+KIR3DL3*00403 KIR3DL3*00202+KIR3DL3*00402 KIR3DL3*00801+KIR3DL3*01402,KIR3DL1*00801,NA,KIR2DL2*00101,KIR3DL2*00601+KIR3DL2*01902 KIR3DL2*00602+KIR3DL2*01901,KIR2DS4*00301,KIR2DL1*00302,KIR2DS1*00201,KIR2DL5B*00801,NA
african071,unresolved_mismatch,NA,NA,KIR2DP1*00102,KIR2DS3*00103,KIR2DS2*00101,KIR2DL4*00103+KIR2DL4*00602,KIR3DL3*00301,KIR3DL1*00701+KIR3DL1*023,NA,KIR2DL2*00101+KIR2DL2*00602,KIR3DL2*00103+KIR3DL2*008,KIR2DS4*00101+KIR2DS4*00401,KIR2DL1*007,NA,unresolved_mismatch,NA
african072,unresolved_mismatch,KIR2DS5*01201,unresolved_mismatch,KIR2DP1*00201+KIR2DP1*009,NA,NA,unresolved_mismatch,KIR3DL3*00802+KIR3DL3*035,KIR3DL1*00101+KIR3DL1*03501,NA,NA,KIR3DL2*00101+KIR3DL2*00601 KIR3DL2*00103+KIR3DL2*00602,KIR2DS4*00301,KIR2DL1*00302+KIR2DL1*026,NA,KIR2DL5B*00805,NA
african073,KIR3DP1*00302,NA,KIR2DL3*00101+KIR2DL3*01202,KIR2DP1*00201+KIR2DP1*00301,NA,NA,KIR2DL4*00103+KIR2DL4*024 KIR2DL4*00501+KIR2DL4*026,unresolved_mismatch,KIR3DL1*02001+KIR3DL1*03501,NA,NA,KIR3DL2*00902+KIR3DL2*052,KIR2DS4*00101,KIR2DL1*00401+KIR2DL1*034,NA,NA,NA
african074,KIR3DP1*00302,KIR2DS5*00201+KIR2DS5*00201+KIR2DS5*01201 KIR2DS5*00201+KIR2DS5*01201+KIR2DS5*01201 KIR2DS5*00201+KIR2DS5*01201+KIR2DS5*01202 KIR2DS5*00201+KIR2DS5*01201+KIR2DS5*013,NA,KIR2DP1*023,NA,KIR2DS2*00101,KIR2DL4*01201,KIR3DL3*038,KIR3DL1*111,NA,KIR2DL2*00101+KIR2DL2*00301,KIR3DL2*00602+KIR3DL2*064,KIR2DS4*009,KIR2DL1*026,KIR2DS1*00201,KIR2DL5A*00101+KIR2DL5A*00101+KIR2DL5B*00805 KIR2DL5A*00101+KIR2DL5B*00801+KIR2DL5B*00805 KIR2DL5A*00101+KIR2DL5B*00803+KIR2DL5B*00805 KIR2DL5A*00101+KIR2DL5B*00805+KIR2DL5B*00805,NA
african076,KIR3DP1*00302+KIR3DP1*014,KIR2DS5*00502+KIR2DS5*01201,NA,KIR2DP1*00103+KIR2DP1*023,NA,KIR2DS2*00101,KIR2DL4*00103+KIR2DL4*01201,KIR3DL3*01403+KIR3DL3*038,KIR3DL1*01501+KIR3DL1*111,NA,KIR2DL2*00101+KIR2DL2*00301,unresolved_mismatch,KIR2DS4*00101,KIR2DL1*00101+KIR2DL1*026,NA,unresolved_mismatch,NA
african077,KIR3DP1*013+KIR3DP1*014,NA,KIR2DL3*00101,KIR2DP1*00201+KIR2DP1*022,NA,KIR2DS2*00101,KIR2DL4*00801+KIR2DL4*013,KIR3DL3*00801+KIR3DL3*038,KIR3DL1*00101+KIR3DL1*041,NA,KIR2DL2*00301,KIR3DL2*00101+KIR3DL2*015 KIR3DL2*00201+KIR3DL2*00602 KIR3DL2*00202+KIR3DL2*00601,KIR2DS4*00101+KIR2DS4*00301,KIR2DL1*00302+KIR2DL1*02201,NA,KIR2DL5B*018,NA
african078,unresolved_mismatch,KIR2DS5*01201,NA,KIR2DP1*023,NA,KIR2DS2*00101,KIR2DL4*00103+KIR2DL4*01101 KIR2DL4*00501+KIR2DL4*013,KIR3DL3*00301+KIR3DL3*038,KIR3DL1*00501+KIR3DL1*01501,NA,unresolved_mismatch,KIR3DL2*00103+KIR3DL2*053,KIR2DS4*00301+KIR2DS4*010,KIR2DL1*026,NA,KIR2DL5B*00805,NA
african079,unresolved_mismatch,NA,KIR2DL3*00101,unresolved_mismatch,NA,NA,KIR2DL4*00102+KIR2DL4*00103,KIR3DL3*00101+KIR3DL3*00901 KIR3DL3*00101+KIR3DL3*081,KIR3DL1*01502+KIR3DL1*070,NA,NA,KIR3DL2*023+KIR3DL2*026,KIR2DS4*00101,KIR2DL1*00302+KIR2DL1*00401 KIR2DL1*00602+KIR2DL1*010,NA,NA,NA
african080,unresolved_mismatch,KIR2DS5*01201,KIR2DL3*00101,unresolved_mismatch,NA,KIR2DS2*00101,KIR2DL4*00103+KIR2DL4*024 KIR2DL4*00501+KIR2DL4*026,KIR3DL3*038+KIR3DL3*067,KIR3DL1*01501+KIR3DL1*113,NA,unresolved_mismatch,KIR3DL2*00601+KIR3DL2*053,unresolved_mismatch,KIR2DL1*00302+KIR2DL1*026,NA,KIR2DL5B*00805,NA
african082,KIR3DP1*00304+KIR3DP1*01001,KIR2DS5*01201,NA,KIR2DP1*023,NA,KIR2DS2*00101,KIR2DL4*00103+KIR2DL4*01201,KIR3DL3*00301+KIR3DL3*038,KIR3DL1*023+KIR3DL1*111,NA,unresolved_mismatch,unresolved_mismatch,unresolved_mismatch,unresolved_mismatch,NA,unresolved_mismatch,NA
african083,KIR3DP1*00302,KIR2DS5*00201,unresolved_mismatch,unresolved_mismatch,NA,KIR2DS2*00101,KIR2DL4*024,KIR3DL3*00402+KIR3DL3*068,unresolved_mismatch,NA,unresolved_mismatch,KIR3DL2*00601,unresolved_mismatch,unresolved_mismatch,KIR2DS1*00201,KIR2DL5A*00101 KIR2DL5B*00801,NA
african087,KIR3DP1*00302+KIR3DP1*014,NA,KIR2DL3*00101+KIR2DL3*035,KIR2DP1*00301+KIR2DP1*010 KIR2DP1*00301+KIR2DP1*014,NA,NA,KIR2DL4*00103,KIR3DL3*01001+KIR3DL3*02701 KIR3DL3*01003+KIR3DL3*02705,KIR3DL1*00801+KIR3DL1*01501,NA,NA,KIR3DL2*01901+KIR3DL2*053 KIR3DL2*01902+KIR3DL2*053,KIR2DS4*00101+KIR2DS4*00301,KIR2DL1*00302+KIR2DL1*00306,NA,NA,NA
african089,KIR3DP1*00302,NA,KIR2DL3*00101+KIR2DL3*00501,unresolved_mismatch,NA,NA,unresolved_mismatch,KIR3DL3*00202+KIR3DL3*056,unresolved_mismatch,NA,NA,unresolved_mismatch,KIR2DS4*00301,KIR2DL1*00302+KIR2DL1*00303,NA,NA,NA
african092,KIR3DP1*00302,KIR2DS5*00201,NA,KIR2DP1*011,KIR2DS3*007,unresolved_mismatch,KIR2DL4*00801,KIR3DL3*00402+KIR3DL3*069,KIR3DL1*00501,NA,KIR2DL2*00101+KIR2DL2*00301,KIR3DL2*00103+KIR3DL2*00701 KIR3DL2*00601+KIR3DL2*01001,KIR2DS4*010,KIR2DL1*00401,KIR2DS1*00201,KIR2DL5B*00201+KIR2DL5B*00601 KIR2DL5B*00801+KIR2DL5B*010,NA
african093,KIR3DP1*00302,KIR2DS5*00201,unresolved_mismatch,unresolved_mismatch,NA,KIR2DS2*00101,KIR2DL4*024,KIR3DL3*00402+KIR3DL3*01102 KIR3DL3*00801+KIR3DL3*020,KIR3DL1*03501,NA,unresolved_mismatch,KIR3DL2*00601+KIR3DL2*015,KIR2DS4*00101,unresolved_mismatch,KIR2DS1*00201,unresolved_mismatch,NA
african096,KIR3DP1*00304+KIR3DP1*01001,KIR2DS5*01201,NA,KIR2DP1*023,NA,KIR2DS2*00101,KIR2DL4*00103+KIR2DL4*01201,KIR3DL3*00301+KIR3DL3*038,KIR3DL1*023+KIR3DL1*111,NA,unresolved_mismatch,unresolved_mismatch,KIR2DS4*00101,unresolved_mismatch,NA,unresolved_mismatch,NA
african097,KIR3DP1*00302+KIR3DP1*015,NA,KIR2DL3*00101+KIR2DL3*00201,KIR2DP1*00203+KIR2DP1*00301,NA,NA,KIR2DL4*00103+KIR2DL4*01101 KIR2DL4*00501+KIR2DL4*013,KIR3DL3*00101+KIR3DL3*00202 KIR3DL3*00104+KIR3DL3*00205 KIR3DL3*00901+KIR3DL3*01302,KIR3DL1*00501+KIR3DL1*00801,NA,NA,unresolved_mismatch,KIR2DS4*00301+KIR2DS4*010,KIR2DL1*00101+KIR2DL1*034 KIR2DL1*00201+KIR2DL1*00302,NA,NA,NA
african099,KIR3DP1*00302,KIR2DS5*00201+KIR2DS5*01202,NA,KIR2DP1*011,unresolved_mismatch,unresolved_mismatch,KIR2DL4*00801,KIR3DL3*038+KIR3DL3*069,KIR3DL1*00501,NA,KIR2DL2*00101+KIR2DL2*00301,KIR3DL2*00103+KIR3DL2*00701 KIR3DL2*00601+KIR3DL2*01001,KIR2DS4*010,KIR2DL1*00401,KIR2DS1*00201,KIR2DL5A*00101+KIR2DL5A*00501+KIR2DL5B*00603 KIR2DL5A*00101+KIR2DL5A*01202+KIR2DL5B*00201 KIR2DL5A*00101+KIR2DL5A*01202+KIR2DL5B*00202 KIR2DL5A*00101+KIR2DL5A*01202+KIR2DL5B*010 KIR2DL5A*00101+KIR2DL5B*00201+KIR2DL5B*00603 KIR2DL5A*00101+KIR2DL5B*00202+KIR2DL5B*00602 KIR2DL5A*00101+KIR2DL5B*00202+KIR2DL5B*00603 KIR2DL5A*00101+KIR2DL5B*00603+KIR2DL5B*010 KIR2DL5A*00101+KIR2DL5B*00805+KIR2DL5B*010 KIR2DL5A*00102+KIR2DL5A*00501+KIR2DL5B*00603 KIR2DL5A*00102+KIR2DL5A*01202+KIR2DL5B*00201 KIR2DL5A*00102+KIR2DL5A*01202+KIR2DL5B*00202 KIR2DL5A*00102+KIR2DL5A*01202+KIR2DL5B*010 KIR2DL5A*00102+KIR2DL5B*00201+KIR2DL5B*00603 KIR2DL5A*00102+KIR2DL5B*00202+KIR2DL5B*00602 KIR2DL5A*00102+KIR2DL5B*00202+KIR2DL5B*00603 KIR2DL5A*00102+KIR2DL5B*00603+KIR2DL5B*010 KIR2DL5A*00102+KIR2DL5B*00805+KIR2DL5B*010 KIR2DL5A*00103+KIR2DL5A*00501+KIR2DL5B*00603 KIR2DL5A*00103+KIR2DL5A*01202+KIR2DL5B*00201 KIR2DL5A*00103+KIR2DL5A*01202+KIR2DL5B*00202 KIR2DL5A*00103+KIR2DL5A*01202+KIR2DL5B*010 KIR2DL5A*00103+KIR2DL5B*00201+KIR2DL5B*00603 KIR2DL5A*00103+KIR2DL5B*00202+KIR2DL5B*00602 KIR2DL5A*00103+KIR2DL5B*00202+KIR2DL5B*00603 KIR2DL5A*00103+KIR2DL5B*00603+KIR2DL5B*010 KIR2DL5A*00103+KIR2DL5B*00805+KIR2DL5B*010 KIR2DL5A*00104+KIR2DL5A*00501+KIR2DL5B*00603 KIR2DL5A*00104+KIR2DL5A*01202+KIR2DL5B*00201 KIR2DL5A*00104+KIR2DL5A*01202+KIR2DL5B*00202 KIR2DL5A*00104+KIR2DL5A*01202+KIR2DL5B*00203 KIR2DL5A*00104+KIR2DL5A*01202+KIR2DL5B*010 KIR2DL5A*00104+KIR2DL5B*00201+KIR2DL5B*00603 KIR2DL5A*00104+KIR2DL5B*00202+KIR2DL5B*00602 KIR2DL5A*00104+KIR2DL5B*00202+KIR2DL5B*00603 KIR2DL5A*00104+KIR2DL5B*00203+KIR2DL5B*00603 KIR2DL5A*00104+KIR2DL5B*00603+KIR2DL5B*010 KIR2DL5A*00104+KIR2DL5B*00805+KIR2DL5B*010 KIR2DL5A*00501+KIR2DL5A*00501+KIR2DL5B*00603 KIR2DL5A*00501+KIR2DL5A*01201+KIR2DL5B*00603 KIR2DL5A*00501+KIR2DL5A*01201+KIR2DL5B*00805 KIR2DL5A*00501+KIR2DL5A*01202+KIR2DL5B*00201 KIR2DL5A*00501+KIR2DL5A*01202+KIR2DL5B*00202 KIR2DL5A*00501+KIR2DL5A*01202+KIR2DL5B*00203 KIR2DL5A*00501+KIR2DL5A*01202+KIR2DL5B*00601 KIR2DL5A*00501+KIR2DL5A*01202+KIR2DL5B*00602 KIR2DL5A*00501+KIR2DL5A*01202+KIR2DL5B*00603 KIR2DL5A*00501+KIR2DL5A*01202+KIR2DL5B*00801 KIR2DL5A*00501+KIR2DL5A*01202+KIR2DL5B*00803 KIR2DL5A*00501+KIR2DL5A*01202+KIR2DL5B*00804 KIR2DL5A*00501+KIR2DL5A*01202+KIR2DL5B*00805 KIR2DL5A*00501+KIR2DL5A*01202+KIR2DL5B*010 KIR2DL5A*00501+KIR2DL5B*00201+KIR2DL5B*00603 KIR2DL5A*00501+KIR2DL5B*00202+KIR2DL5B*00602 KIR2DL5A*00501+KIR2DL5B*00202+KIR2DL5B*00603 KIR2DL5A*00501+KIR2DL5B*00203+KIR2DL5B*00603 KIR2DL5A*00501+KIR2DL5B*00601+KIR2DL5B*00603 KIR2DL5A*00501+KIR2DL5B*00601+KIR2DL5B*00805 KIR2DL5A*00501+KIR2DL5B*00602+KIR2DL5B*00603 KIR2DL5A*00501+KIR2DL5B*00602+KIR2DL5B*00803 KIR2DL5A*00501+KIR2DL5B*00602+KIR2DL5B*00805 KIR2DL5A*00501+KIR2DL5B*00603+KIR2DL5B*00603 KIR2DL5A*00501+KIR2DL5B*00603+KIR2DL5B*00801 KIR2DL5A*00501+KIR2DL5B*00603+KIR2DL5B*00803 KIR2DL5A*00501+KIR2DL5B*00603+KIR2DL5B*00804 KIR2DL5A*00501+KIR2DL5B*00603+KIR2DL5B*00805 KIR2DL5A*00501+KIR2DL5B*00603+KIR2DL5B*010 KIR2DL5A*00501+KIR2DL5B*00805+KIR2DL5B*010 KIR2DL5A*01201+KIR2DL5A*01202+KIR2DL5B*00201 KIR2DL5A*01201+KIR2DL5A*01202+KIR2DL5B*00202 KIR2DL5A*01201+KIR2DL5B*00201+KIR2DL5B*00603 KIR2DL5A*01201+KIR2DL5B*00201+KIR2DL5B*00805 KIR2DL5A*01201+KIR2DL5B*00202+KIR2DL5B*00602 KIR2DL5A*01201+KIR2DL5B*00202+KIR2DL5B*00603 KIR2DL5A*01201+KIR2DL5B*00202+KIR2DL5B*00805 KIR2DL5A*01201+KIR2DL5B*00805+KIR2DL5B*010 KIR2DL5A*01202+KIR2DL5A*01202+KIR2DL5B*00201 KIR2DL5A*01202+KIR2DL5B*00201+KIR2DL5B*00201 KIR2DL5A*01202+KIR2DL5B*00201+KIR2DL5B*00202 KIR2DL5A*01202+KIR2DL5B*00201+KIR2DL5B*00203 KIR2DL5A*01202+KIR2DL5B*00201+KIR2DL5B*00601 KIR2DL5A*01202+KIR2DL5B*00201+KIR2DL5B*00602 KIR2DL5A*01202+KIR2DL5B*00201+KIR2DL5B*00603 KIR2DL5A*01202+KIR2DL5B*00201+KIR2DL5B*00801 KIR2DL5A*01202+KIR2DL5B*00201+KIR2DL5B*00803 KIR2DL5A*01202+KIR2DL5B*00201+KIR2DL5B*00804 KIR2DL5A*01202+KIR2DL5B*00201+KIR2DL5B*00805 KIR2DL5A*01202+KIR2DL5B*00201+KIR2DL5B*010 KIR2DL5A*01202+KIR2DL5B*00202+KIR2DL5B*00203 KIR2DL5A*01202+KIR2DL5B*00202+KIR2DL5B*00601 KIR2DL5A*01202+KIR2DL5B*00202+KIR2DL5B*00602 KIR2DL5A*01202+KIR2DL5B*00202+KIR2DL5B*00801 KIR2DL5A*01202+KIR2DL5B*00202+KIR2DL5B*00804 KIR2DL5A*01202+KIR2DL5B*00202+KIR2DL5B*010 KIR2DL5A*01202+KIR2DL5B*00203+KIR2DL5B*00804 KIR2DL5A*01202+KIR2DL5B*00203+KIR2DL5B*010 KIR2DL5A*01202+KIR2DL5B*00801+KIR2DL5B*010 KIR2DL5A*01202+KIR2DL5B*00803+KIR2DL5B*010 KIR2DL5A*01202+KIR2DL5B*00804+KIR2DL5B*010 KIR2DL5A*01202+KIR2DL5B*00805+KIR2DL5B*010,NA
african102,KIR3DP1*00301+KIR3DP1*00302,NA,unresolved_mismatch,unresolved_mismatch,unresolved_mismatch,NA,KIR2DL4*00501+KIR2DL4*00802,unresolved_mismatch,unresolved_mismatch,NA,NA,KIR3DL2*00103 KIR3DL2*00601,unresolved_mismatch,unresolved_mismatch,NA,KIR2DL5A*00501 KIR2DL5B*00201 KIR2DL5B*010,NA
african103,KIR3DP1*013+KIR3DP1*014,KIR2DS5*00502+KIR2DS5*01201,NA,KIR2DP1*00103+KIR2DP1*023,NA,KIR2DS2*00101,unresolved_mismatch,KIR3DL3*038,KIR3DL1*041+KIR3DL1*111,NA,KIR2DL2*00301,unresolved_mismatch,unresolved_mismatch,KIR2DL1*02201+KIR2DL1*026,NA,KIR2DL5B*00805+KIR2DL5B*018,NA
african104,unresolved_mismatch,NA,KIR2DL3*00101,unresolved_mismatch,NA,NA,KIR2DL4*00103,KIR3DL3*00202+KIR3DL3*01102 KIR3DL3*00202+KIR3DL3*01104,KIR3DL1*00801+KIR3DL1*01501,NA,NA,KIR3DL2*01902,KIR2DS4*00301,KIR2DL1*00302,NA,NA,NA
african105,KIR3DP1*015,KIR2DS5*009,KIR2DL3*00201,KIR2DP1*00301,NA,KIR2DS2*00102,KIR2DL4*00103,KIR3DL3*01302+KIR3DL3*050,KIR3DL1*00801,NA,KIR2DL2*00301,KIR3DL2*00901+KIR3DL2*01901 KIR3DL2*00902+KIR3DL2*01902,KIR2DS4*00301,KIR2DL1*00201,KIR2DS1*00201,KIR2DL5B*00601,NA
african106,KIR3DP1*00302+KIR3DP1*015,NA,KIR2DL3*00101+KIR2DL3*00201,KIR2DP1*00203+KIR2DP1*00301,NA,NA,KIR2DL4*00103+KIR2DL4*01101 KIR2DL4*00501+KIR2DL4*013,KIR3DL3*00101+KIR3DL3*00901,KIR3DL1*00501+KIR3DL1*01501,NA,NA,KIR3DL2*00103+KIR3DL2*053,KIR2DS4*00301+KIR2DS4*010,KIR2DL1*00101+KIR2DL1*034 KIR2DL1*00201+KIR2DL1*00302,NA,NA,NA
